序号,IP地址,年龄段,地区,是否遇网络延迟,延迟感受,设备类型,设备品牌,设备型号,系统版本,网络运营商,网络类型,篮球手游段位,关注篮球媒体,美术风格评价,球员形象满意度,球员模型质量,背景音乐评价,按键布局适应性,爆发技按键位置,移动操作掌握度,操作响应及时性,整体版本感受,战斗体验评价,额外按键位置,持球进攻掌握度,防守操作掌握度,初始球员技能掌握度,按键误触频率,开始游戏按钮便利性,技能界面流畅度,是否参与篮球运动,总分
2.0,1.188.233.73(黑龙江-牡丹江),25~30,黑龙江-佳木斯市-桦南县,遇到过,比较难受,模拟器,mix3,mix3,13.11,联通,wifi,黄金~钻石,经常看,1.0,1.0,1.0,1.0,1.0,1.0,1.0,2.0,1.0,1.0,1.0,1.0,1.0,5.0,1.0,不能接受,一般,每周两次以上,20.0
3.0,116.8.123.88(广西-桂林),30以上,广西-桂林市-秀峰区,遇到过,感觉没法玩了,模拟器,啊啊,啊啊,啊啊,电信,wifi,黄金~钻石,不关注,1.0,3.0,3.0,3.0,3.0,3.0,3.0,3.0,3.0,3.0,4.0,4.0,4.0,3.0,3.0,可以接受,一般,约每月一次,46.0
4.0,182.148.114.166(四川-成都),25~30,四川-成都市-天府新区,遇到过,还能接受,模拟器,三星,S9,9.0,电信,wifi,黄金~钻石,偶尔看一下,2.0,3.0,3.0,5.0,5.0,5.0,5.0,4.0,4.0,4.0,4.0,4.0,4.0,4.0,5.0,可以接受,能,不参与,61.0
5.0,223.97.170.227(山东-潍坊),19~24,山东-潍坊市-诸城市,遇到过,比较难受,安卓手机,华为荣耀,荣耀8X max,安卓8.1,移动,wifi,黄金~钻石,不关注,4.0,4.0,3.0,5.0,4.0,4.0,2.0,1.0,4.0,4.0,4.0,2.0,2.0,5.0,3.0,可以接受,能,不参与,51.0
6.0,171.221.150.153(四川-成都),25~30,四川-成都市-天府新区,遇到过,比较难受,模拟器,1.0,1.0,1.0,电信,其他,黄金~钻石,偶尔看一下,3.0,3.0,4.0,3.0,5.0,3.0,3.0,3.0,3.0,4.0,3.0,4.0,4.0,4.0,4.0,可以接受,一般,约每月一次,53.0
7.0,223.104.17.253(黑龙江-哈尔滨),19~24,黑龙江-哈尔滨市-松北区,遇到过,感觉没法玩了,安卓手机,小米,8.0,8.0,移动,4G,黄金~钻石,经常看,1.0,1.0,3.0,1.0,3.0,1.0,3.0,4.0,3.0,3.0,3.0,3.0,4.0,4.0,3.0,不能接受,不能,不参与,40.0
8.0,113.116.26.75(广东-深圳),30以上,广东-深圳市-盐田区,遇到过,感觉没法玩了,凤凰系统,华为,麦芒7,8.1.0,电信,wifi,王者,经常看,4.0,4.0,3.0,3.0,2.0,3.0,4.0,4.0,4.0,3.0,3.0,2.0,2.0,4.0,3.0,可以接受,一般,约每周一次,48.0
9.0,125.105.211.132(浙江-衢州),25~30,浙江-杭州市-萧山区,没遇到过,还能接受,安卓手机,小米9,小米9,不知道,电信,wifi,大师~传奇,偶尔看一下,2.0,2.0,2.0,3.0,3.0,3.0,3.0,2.0,3.0,3.0,2.0,3.0,3.0,4.0,2.0,可以接受,能,约每月一次,40.0
10.0,223.101.88.119(辽宁-沈阳),25~30,辽宁-沈阳市-和平区,没遇到过,比较难受,安卓手机,小米,mix2,mi10,联通,4G,黄金~钻石,偶尔看一下,4.0,4.0,4.0,4.0,4.0,4.0,4.0,4.0,4.0,4.0,4.0,4.0,4.0,4.0,4.0,我不在意,一般,约每月一次,60.0
11.0,124.160.216.136(浙江-杭州),25~30,浙江-杭州市-江干区,遇到过,比较难受,安卓手机,华为,荣耀,V10,移动,4G,大师~传奇,经常看,3.0,3.0,3.0,3.0,3.0,3.0,3.0,3.0,3.0,3.0,3.0,3.0,3.0,3.0,3.0,可以接受,一般,每周两次以上,45.0
12.0,117.136.4.169(山西-太原),19~24,山西-太原市-小店区,遇到过,比较难受,安卓手机,一加,一加6,安卓9.0,移动,4G,黄金~钻石,经常看,3.0,3.0,3.0,4.0,4.0,4.0,4.0,3.0,3.0,3.0,3.0,3.0,2.0,3.0,4.0,我不在意,一般,每周两次以上,49.0
13.0,223.104.190.235(山东-滨州),25~30,山东-青岛市-黄岛区,没遇到过,比较难受,安卓手机,vivo,x9,7.16.10,移动,4G,黄金~钻石,不关注,5.0,5.0,5.0,3.0,5.0,4.0,5.0,5.0,5.0,4.0,5.0,5.0,4.0,5.0,3.0,可以接受,能,不参与,68.0
14.0,220.162.47.237(福建-泉州),19~24,福建-泉州市-丰泽区,遇到过,比较难受,安卓手机,OPPO,A57,6.0,电信,wifi,大师~传奇,经常看,3.0,3.0,4.0,3.0,4.0,3.0,3.0,2.0,3.0,3.0,3.0,3.0,2.0,3.0,4.0,可以接受,一般,约每周一次,46.0
15.0,123.186.26.192(辽宁-鞍山),25~30,辽宁-鞍山市-铁东区,没遇到过,比较难受,安卓手机,华为,p20,安卓,移动,wifi,黄金~钻石,经常看,4.0,4.0,4.0,3.0,3.0,3.0,3.0,3.0,4.0,4.0,2.0,3.0,3.0,3.0,5.0,我不在意,一般,约每月一次,51.0
16.0,223.104.14.8(山西-太原),19~24,山西-晋中市-榆次区,遇到过,比较难受,安卓手机,魅族,魅蓝note6,安卓8.0,移动,4G,黄金~钻石,经常看,4.0,4.0,4.0,4.0,4.0,4.0,4.0,3.0,3.0,4.0,4.0,5.0,4.0,4.0,5.0,可以接受,能,约每周一次,60.0
17.0,111.36.172.5(山东-济南),19~24,山东-济南市-历下区,没遇到过,没遇到过网络波动,安卓手机,vivo,iqoo,9.0,联通,wifi,黄金~钻石,不关注,4.0,4.0,4.0,4.0,5.0,5.0,4.0,4.0,4.0,4.0,4.0,4.0,3.0,5.0,5.0,可以接受,一般,不参与,63.0
18.0,117.12.150.111(天津-天津),30以上,天津-天津市-河东区,遇到过,比较难受,安卓手机,华为,荣耀7X,安卓8.0,联通,wifi,黄金~钻石,经常看,4.0,4.0,4.0,4.0,3.0,4.0,3.0,3.0,4.0,3.0,3.0,3.0,3.0,4.0,3.0,我不在意,一般,约每周一次,52.0
19.0,117.153.23.253(湖北-襄阳),25~30,湖北-襄阳市-襄城区,没遇到过,比较难受,安卓手机,一加,5.0,9.0,移动,4G,王者,经常看,4.0,4.0,4.0,4.0,4.0,5.0,4.0,4.0,4.0,4.0,4.0,4.0,4.0,4.0,4.0,可以接受,能,约每月一次,61.0
20.0,39.188.110.239(浙江-宁波),19~24,浙江-宁波市-慈溪市,遇到过,比较难受,安卓手机,VIVO,Y66,rev 1.12.32,移动,4G,黄金~钻石,偶尔看一下,3.0,3.0,3.0,3.0,2.0,2.0,2.0,2.0,3.0,1.0,3.0,3.0,3.0,3.0,1.0,我不在意,一般,每周两次以上,37.0
21.0,221.15.37.10(河南-漯河),19~24,河南-漯河市-源汇区,遇到过,比较难受,安卓手机,vivo,x23,不清楚,联通,wifi,黄金~钻石,偶尔看一下,4.0,5.0,3.0,5.0,3.0,1.0,3.0,3.0,3.0,3.0,4.0,4.0,3.0,4.0,1.0,可以接受,能,每周两次以上,49.0
22.0,117.136.64.176(四川-成都),30以上,四川-成都市-成华区,遇到过,感觉没法玩了,安卓手机,vivo,NEX,不知道,移动,wifi,大师~传奇,经常看,3.0,2.0,3.0,4.0,2.0,4.0,5.0,3.0,3.0,3.0,2.0,4.0,3.0,1.0,1.0,我不在意,一般,约每周一次,43.0
23.0,112.2.78.24(江苏-南京),30以上,江苏-南京市-玄武区,遇到过,感觉没法玩了,安卓手机,华为,P20,最新,移动,wifi,黄金~钻石,经常看,3.0,3.0,2.0,3.0,3.0,2.0,2.0,2.0,3.0,3.0,3.0,2.0,2.0,3.0,3.0,我不在意,一般,约每月一次,39.0
24.0,36.63.124.56(安徽-安庆),25~30,安徽-安庆市-岳西县,遇到过,感觉没法玩了,安卓手机,三星,s10,oneui,电信,wifi,王者,经常看,5.0,5.0,5.0,5.0,2.0,2.0,5.0,2.0,2.0,2.0,2.0,2.0,1.0,5.0,1.0,可以接受,能,每周两次以上,46.0
25.0,117.136.99.235(广西-玉林),25~30,广西-南宁市-江南区,遇到过,感觉没法玩了,安卓手机,魅族,魅蓝E2,111.0,移动,4G,黄金~钻石,偶尔看一下,4.0,3.0,3.0,3.0,3.0,1.0,4.0,3.0,2.0,3.0,1.0,4.0,3.0,4.0,3.0,我不在意,一般,不参与,44.0
26.0,221.232.113.35(湖北-武汉),19~24,湖北-武汉市-洪山区,没遇到过,没遇到过网络波动,凤凰系统,华硕,1.0,1.0,电信,其他,大师~传奇,偶尔看一下,4.0,4.0,2.0,3.0,4.0,4.0,1.0,1.0,2.0,2.0,3.0,2.0,2.0,2.0,3.0,可以接受,不能,约每年一次,39.0
27.0,101.80.219.10(上海-上海),25~30,上海-上海市-徐汇区,没遇到过,还能接受,模拟器,MUMU模拟器,模拟器,模拟器,电信,其他,王者,经常看,3.0,3.0,2.0,3.0,4.0,1.0,3.0,3.0,3.0,3.0,3.0,3.0,3.0,3.0,3.0,我不在意,能,约每月一次,43.0
28.0,112.64.119.236(上海-上海),30以上,上海-上海市-静安区,遇到过,比较难受,安卓手机,魅族,16 plus,8.1,移动,wifi,王者,经常看,3.0,3.0,3.0,3.0,2.0,2.0,4.0,1.0,1.0,2.0,3.0,3.0,3.0,3.0,1.0,我不在意,一般,约每月一次,37.0
29.0,113.87.119.212(广东-深圳),25~30,广东-深圳市-宝安区,没遇到过,无明显感觉,安卓手机,华为,nova2,安卓最新,联通,wifi,王者,偶尔看一下,2.0,2.0,2.0,1.0,1.0,2.0,2.0,2.0,2.0,2.0,2.0,2.0,2.0,2.0,2.0,可以接受,一般,不参与,28.0
30.0,180.109.68.14(江苏-南京),30以上,江苏-南京市-鼓楼区,遇到过,比较难受,安卓手机,魅族,16.0,安卓,移动,wifi,黄金~钻石,经常看,2.0,2.0,1.0,3.0,3.0,2.0,2.0,3.0,2.0,1.0,2.0,2.0,1.0,1.0,2.0,我不在意,一般,约每月一次,29.0
31.0,106.57.130.139(云南-大理),30以上,云南-大理白族自治州-大理市,遇到过,比较难受,安卓手机,三星,s8,安卓9.0,移动,4G,大师~传奇,经常看,2.0,1.0,1.0,4.0,5.0,3.0,4.0,3.0,2.0,2.0,1.0,4.0,4.0,3.0,1.0,可以接受,能,约每周一次,40.0
32.0,36.106.227.232(天津-天津),19~24,天津-天津市-东丽区,遇到过,还能接受,安卓手机,一加,一加6,安卓,移动,wifi,黄金~钻石,经常看,4.0,4.0,4.0,4.0,5.0,3.0,4.0,3.0,3.0,4.0,4.0,5.0,4.0,5.0,4.0,可以接受,能,每周两次以上,60.0
33.0,122.143.134.110(吉林-白城),30以上,吉林-长春市-二道区,遇到过,没遇到过网络波动,安卓手机,华为,mate20,8.0,移动,wifi,黄金~钻石,经常看,5.0,5.0,5.0,5.0,5.0,3.0,4.0,5.0,5.0,5.0,1.0,5.0,3.0,5.0,3.0,可以接受,能,约每月一次,64.0
34.0,49.95.166.19(江苏-无锡),25~30,江苏-苏州市-张家港市,遇到过,感觉没法玩了,安卓手机,小米,note2,8.0.0,电信,wifi,王者,偶尔看一下,2.0,1.0,1.0,2.0,3.0,3.0,3.0,3.0,3.0,3.0,3.0,3.0,3.0,4.0,3.0,不能接受,一般,约每周一次,40.0
35.0,113.90.37.175(广东-深圳),25~30,广东-深圳市-宝安区,遇到过,比较难受,安卓手机,小米,note2,miui10,联通,4G,黄金~钻石,经常看,3.0,3.0,2.0,2.0,5.0,4.0,4.0,3.0,3.0,3.0,4.0,3.0,2.0,3.0,2.0,可以接受,能,约每月一次,46.0
36.0,117.136.78.47(山东-青岛),25~30,山东-青岛市-市北区,没遇到过,比较难受,安卓手机,小米,红米六,安卓8.8.9,移动,4G,黄金~钻石,经常看,4.0,3.0,4.0,4.0,4.0,3.0,3.0,4.0,4.0,4.0,1.0,4.0,4.0,4.0,4.0,可以接受,能,约每周一次,54.0
37.0,183.39.38.203(广东-深圳),25~30,广东-深圳市-罗湖区,遇到过,感觉没法玩了,安卓手机,小米,米8屏幕指纹版,安卓9,电信,4G,青铜~白银,经常看,4.0,4.0,4.0,5.0,2.0,3.0,2.0,3.0,3.0,3.0,3.0,2.0,2.0,2.0,3.0,可以接受,一般,约每月一次,45.0
38.0,61.150.69.75(陕西-西安),19~24,陕西-西安市-临潼区,遇到过,感觉没法玩了,安卓手机,努比亚,z17,安卓6.0,移动,wifi,黄金~钻石,经常看,4.0,4.0,4.0,4.0,2.0,2.0,5.0,3.0,3.0,3.0,1.0,3.0,3.0,4.0,3.0,我不在意,不能,每周两次以上,48.0
39.0,180.97.201.17(江苏-苏州),30以上,上海-上海市-宝山区,遇到过,感觉没法玩了,安卓手机,小米,8se,miui10,其他〖移动联通WIFI都有〗,其他,黄金~钻石,经常看,4.0,4.0,4.0,4.0,4.0,4.0,3.0,3.0,3.0,3.0,3.0,4.0,4.0,4.0,4.0,可以接受,能,不参与,55.0
40.0,106.47.100.136(天津-天津),30以上,天津-天津市-河北区,没遇到过,比较难受,安卓手机,三星,A6S,安卓,其他〖无线〗,wifi,黄金~钻石,偶尔看一下,5.0,5.0,5.0,5.0,5.0,5.0,4.0,4.0,4.0,4.0,4.0,4.0,4.0,4.0,4.0,我不在意,能,约每年一次,66.0
41.0,223.104.10.170(江西-南昌),13~18,江西-南昌市-青山湖区,遇到过,比较难受,安卓手机,vivo,y83,8.0,移动,4G,黄金~钻石,偶尔看一下,4.0,3.0,2.0,4.0,3.0,3.0,2.0,4.0,3.0,2.0,2.0,2.0,3.0,4.0,2.0,可以接受,能,约每月一次,43.0
42.0,171.8.196.55(河南-郑州),30以上,浙江-杭州市-滨江区,遇到过,感觉没法玩了,模拟器,PC,PC,10.0,联通,其他,王者,经常看,5.0,5.0,3.0,3.0,5.0,3.0,4.0,3.0,3.0,3.0,3.0,3.0,3.0,5.0,2.0,我不在意,不能,约每月一次,53.0
43.0,116.243.53.17(北京-北京),30以上,北京-北京市-丰台区,没遇到过,感觉没法玩了,模拟器,小米,小米6,安卓10,联通,其他,王者,偶尔看一下,4.0,4.0,4.0,4.0,4.0,4.0,4.0,4.0,4.0,4.0,4.0,4.0,4.0,4.0,5.0,可以接受,能,约每月一次,61.0
44.0,42.230.6.120(河南-鹤壁),30以上,河南-鹤壁市-浚县,没遇到过,无明显感觉,模拟器,OPPO,r17,13.1,联通,wifi,大师~传奇,经常看,5.0,2.0,2.0,2.0,5.0,2.0,3.0,3.0,3.0,3.0,3.0,3.0,3.0,3.0,3.0,可以接受,一般,不参与,45.0
45.0,171.83.53.73(湖北-武汉),25~30,湖北-武汉市-洪山区,遇到过,感觉没法玩了,安卓手机,vivo,iqoo,安卓9.0,电信,wifi,王者,经常看,4.0,4.0,4.0,3.0,2.0,1.0,5.0,5.0,3.0,3.0,4.0,3.0,4.0,5.0,5.0,可以接受,能,约每周一次,55.0
46.0,118.112.177.28(四川-成都),30以上,江苏-常州市-金坛区,遇到过,感觉没法玩了,模拟器,mumu,mumu,1.0,电信,wifi,大师~传奇,经常看,2.0,2.0,3.0,2.0,3.0,3.0,2.0,1.0,2.0,2.0,5.0,5.0,5.0,5.0,1.0,可以接受,不能,每周两次以上,43.0
47.0,123.246.124.68(辽宁-丹东),19~24,辽宁-丹东市-元宝区,没遇到过,没遇到过网络波动,安卓手机,华为,mate20Pro,最新版本,移动,wifi,黄金~钻石,经常看,4.0,5.0,3.0,5.0,5.0,4.0,3.0,5.0,4.0,4.0,4.0,5.0,3.0,5.0,3.0,可以接受,能,约每年一次,62.0
48.0,223.77.82.38(湖北-黄石),25~30,湖北-武汉市-汉阳区,遇到过,比较难受,安卓手机,OPPO,是R11,10.0,移动,wifi,大师~传奇,经常看,3.0,3.0,3.0,4.0,4.0,4.0,4.0,4.0,3.0,3.0,4.0,4.0,2.0,4.0,5.0,我不在意,一般,每周两次以上,54.0
49.0,58.62.134.86(广东-广州),30以上,广东-广州市-海珠区,没遇到过,感觉没法玩了,安卓手机,小米,note3,miui10.2.3,电信,wifi,黄金~钻石,经常看,3.0,3.0,4.0,3.0,4.0,4.0,5.0,2.0,3.0,2.0,4.0,3.0,2.0,4.0,5.0,我不在意,能,约每周一次,51.0
50.0,182.148.114.166(四川-成都),25~30,四川-成都市-武侯区,遇到过,比较难受,模拟器,雷神,雷神,6.0.1,电信,wifi,黄金~钻石,偶尔看一下,1.0,1.0,2.0,1.0,4.0,3.0,3.0,3.0,3.0,3.0,2.0,3.0,2.0,3.0,4.0,不能接受,一般,约每年一次,38.0
51.0,211.97.128.210(福建-厦门),25~30,福建-漳州市-诏安县,遇到过,比较难受,安卓手机,小米,小米9,MIUI10,联通,4G,大师~传奇,经常看,3.0,3.0,3.0,2.0,3.0,1.0,2.0,4.0,4.0,4.0,4.0,2.0,2.0,2.0,3.0,我不在意,能,不参与,42.0
52.0,221.3.40.210(山东-青岛),30以上,山东-青岛市-市南区,遇到过,比较难受,模拟器,1111.0,1111.0,1111.0,联通,其他,大师~传奇,经常看,1.0,1.0,1.0,1.0,1.0,1.0,1.0,1.0,1.0,1.0,1.0,1.0,1.0,1.0,1.0,可以接受,不能,约每周一次,15.0
53.0,58.45.37.40(湖南-株洲),30以上,湖南-株洲市-天元区,遇到过,比较难受,模拟器,电脑,逍遥模拟器,1.6.1,电信,其他,大师~传奇,经常看,2.0,5.0,2.0,5.0,4.0,2.0,4.0,2.0,2.0,1.0,2.0,1.0,1.0,2.0,2.0,不能接受,一般,约每周一次,37.0
54.0,112.97.247.201(广东-东莞),19~24,广西-玉林市-北流市,遇到过,比较难受,安卓手机,努比亚,NX591J,不晓得,联通,4G,王者,偶尔看一下,3.0,3.0,4.0,5.0,1.0,1.0,3.0,3.0,4.0,3.0,2.0,4.0,4.0,4.0,4.0,我不在意,一般,约每月一次,48.0
55.0,27.193.77.224(山东-青岛),30以上,山东-青岛市-黄岛区,没遇到过,比较难受,安卓手机,vivo,xpaly6,7.11,联通,wifi,王者,经常看,2.0,3.0,3.0,3.0,4.0,3.0,4.0,4.0,3.0,3.0,4.0,3.0,2.0,4.0,3.0,我不在意,能,约每周一次,48.0
56.0,139.214.244.75(吉林-长春),19~24,吉林-长春市-朝阳区,遇到过,比较难受,安卓手机,小米,小米8透明探索版,miui10.2,联通,4G,大师~传奇,偶尔看一下,4.0,4.0,3.0,4.0,3.0,4.0,3.0,1.0,3.0,3.0,4.0,5.0,4.0,5.0,1.0,可以接受,能,约每月一次,51.0
57.0,100.120.34.9(国外-保留),25~30,北京-北京市-丰台区,遇到过,比较难受,安卓手机,华为,mate20pro,9.1,联通,wifi,王者,经常看,5.0,5.0,3.0,3.0,5.0,5.0,5.0,4.0,3.0,3.0,4.0,4.0,4.0,4.0,3.0,我不在意,能,约每周一次,60.0
58.0,106.16.142.171(湖南-长沙),30以上,湖南-长沙市-天心区,遇到过,感觉没法玩了,安卓手机,华为,p20,不知道,电信,4G,王者,偶尔看一下,3.0,4.0,3.0,1.0,5.0,3.0,3.0,1.0,3.0,2.0,4.0,1.0,1.0,3.0,1.0,不能接受,一般,约每月一次,38.0
59.0,118.112.177.28(四川-成都),19~24,四川-成都市-武侯区,遇到过,感觉没法玩了,模拟器,华为,P20Pro,不知道,电信,wifi,大师~传奇,经常看,4.0,4.0,3.0,4.0,4.0,4.0,3.0,4.0,2.0,2.0,4.0,3.0,2.0,4.0,3.0,我不在意,一般,约每周一次,50.0
60.0,36.23.254.100(浙江-杭州),30以上,浙江-温州市-乐清市,遇到过,比较难受,安卓手机,小米,play,miui10,电信,4G,黄金~钻石,偶尔看一下,5.0,5.0,5.0,4.0,2.0,3.0,1.0,2.0,3.0,3.0,3.0,3.0,3.0,2.0,1.0,我不在意,一般,约每月一次,45.0
61.0,101.224.50.19(上海-上海),25~30,上海-上海市-浦东新区,遇到过,感觉没法玩了,安卓手机,小米,6.0,最新,移动,4G,黄金~钻石,经常看,2.0,3.0,2.0,2.0,2.0,1.0,3.0,1.0,1.0,2.0,1.0,2.0,3.0,3.0,1.0,我不在意,一般,不参与,29.0
62.0,106.87.151.118(重庆-重庆),30以上,重庆-重庆市-璧山区,没遇到过,没遇到过网络波动,模拟器,MUMU,模拟器,5.0,电信,其他,王者,经常看,4.0,5.0,3.0,4.0,5.0,5.0,5.0,4.0,4.0,4.0,5.0,5.0,4.0,5.0,5.0,我不在意,能,不参与,67.0
63.0,117.136.31.211(广东-佛山),30以上,广东-佛山市-南海区,遇到过,感觉没法玩了,安卓手机,华为,MATE10,9.0.0,移动,wifi,黄金~钻石,偶尔看一下,4.0,4.0,4.0,4.0,4.0,3.0,3.0,3.0,3.0,3.0,3.0,3.0,3.0,3.0,3.0,不能接受,一般,约每月一次,50.0
64.0,120.229.153.209(广东-惠州),19~24,广东-惠州市-博罗县,遇到过,感觉没法玩了,模拟器,小米,m3,66.0,电信,wifi,王者,经常看,1.0,1.0,1.0,4.0,3.0,2.0,2.0,1.0,1.0,2.0,2.0,3.0,1.0,1.0,4.0,不能接受,一般,每周两次以上,29.0
65.0,171.221.150.153(四川-成都),30以上,四川-成都市-锦江区,没遇到过,还能接受,模拟器,夜神,夜神,夜神,电信,其他,黄金~钻石,偶尔看一下,4.0,3.0,3.0,4.0,5.0,5.0,4.0,4.0,3.0,2.0,3.0,4.0,3.0,3.0,3.0,可以接受,一般,不参与,53.0
66.0,211.161.244.161(上海-上海),25~30,上海-上海市-静安区,没遇到过,感觉没法玩了,模拟器,蓝蝶,123.0,123.0,其他〖长城宽带〗,wifi,王者,偶尔看一下,3.0,3.0,1.0,3.0,4.0,1.0,1.0,1.0,1.0,1.0,3.0,2.0,2.0,2.0,5.0,可以接受,能,约每月一次,33.0
67.0,115.217.222.31(浙江-宁波),30以上,浙江-宁波市-奉化市,遇到过,比较难受,模拟器,电脑,模拟器,win10,电信,wifi,王者,经常看,3.0,3.0,3.0,4.0,5.0,4.0,4.0,3.0,3.0,3.0,3.0,3.0,3.0,3.0,3.0,我不在意,一般,约每周一次,50.0
68.0,139.214.144.72(吉林-吉林),25~30,吉林-白山市-长白朝鲜族自治县,遇到过,感觉没法玩了,安卓手机,oppo,r15,8.1.0,联通,4G,大师~传奇,偶尔看一下,3.0,1.0,2.0,2.0,4.0,1.0,3.0,4.0,2.0,2.0,3.0,4.0,3.0,3.0,4.0,我不在意,能,每周两次以上,41.0
69.0,118.250.82.161(湖南-长沙),30以上,湖南-长沙市-浏阳市,遇到过,无明显感觉,安卓手机,华为,MAte20P,不记得,联通,wifi,黄金~钻石,经常看,4.0,4.0,2.0,3.0,4.0,3.0,3.0,2.0,3.0,3.0,4.0,2.0,3.0,3.0,3.0,可以接受,能,不参与,46.0
70.0,111.196.246.188(北京-北京),30以上,北京-北京市-昌平区,没遇到过,感觉没法玩了,安卓手机,三星,s10+,9.0,联通,wifi,黄金~钻石,经常看,5.0,5.0,4.0,4.0,4.0,3.0,3.0,3.0,3.0,3.0,4.0,3.0,3.0,3.0,3.0,可以接受,一般,不参与,53.0
71.0,182.148.114.166(四川-成都),25~30,四川-成都市-双流区,遇到过,比较难受,模拟器,电脑,电脑,win7,电信,wifi,黄金~钻石,经常看,2.0,3.0,3.0,4.0,5.0,5.0,3.0,2.0,3.0,2.0,5.0,4.0,2.0,4.0,5.0,可以接受,一般,约每月一次,52.0
72.0,119.182.180.59(山东-淄博),30以上,山东-淄博市-淄川区,没遇到过,没遇到过网络波动,安卓手机,小米,小米8,miui10,联通,wifi,黄金~钻石,偶尔看一下,5.0,5.0,3.0,3.0,5.0,1.0,3.0,3.0,3.0,2.0,3.0,3.0,3.0,4.0,3.0,我不在意,能,约每周一次,49.0
73.0,123.118.88.119(北京-北京),25~30,北京-北京市-朝阳区,没遇到过,还能接受,安卓手机,三星,C7000,安卓,移动,4G,大师~传奇,经常看,3.0,3.0,3.0,3.0,4.0,1.0,4.0,2.0,3.0,3.0,2.0,4.0,1.0,4.0,3.0,我不在意,一般,约每年一次,43.0
74.0,218.89.238.4(四川-成都),25~30,四川-成都市-锦江区,没遇到过,还能接受,模拟器,华为,mate10,9.0,电信,其他,黄金~钻石,偶尔看一下,2.0,2.0,2.0,3.0,5.0,4.0,4.0,2.0,3.0,3.0,2.0,3.0,3.0,3.0,3.0,我不在意,一般,约每月一次,44.0
75.0,39.188.58.30(浙江-宁波),25~30,浙江-宁波市-海曙区,没遇到过,比较难受,安卓手机,三星,s8+,不清楚,移动,4G,黄金~钻石,经常看,3.0,2.0,3.0,1.0,4.0,3.0,4.0,4.0,2.0,3.0,4.0,4.0,2.0,2.0,3.0,我不在意,一般,约每月一次,44.0
76.0,36.24.252.124(浙江-杭州),30以上,浙江-杭州市-江干区,遇到过,感觉没法玩了,安卓手机,华为,P20,安卓,电信,4G,大师~传奇,经常看,3.0,2.0,2.0,3.0,5.0,5.0,1.0,3.0,1.0,1.0,3.0,2.0,1.0,3.0,5.0,可以接受,一般,约每年一次,40.0
77.0,42.184.96.184(黑龙江-齐齐哈尔),25~30,黑龙江-齐齐哈尔市-依安县,遇到过,感觉没法玩了,安卓手机,小米,MIX2,安卓8,电信,wifi,王者,经常看,3.0,3.0,2.0,4.0,2.0,2.0,3.0,4.0,3.0,3.0,3.0,3.0,3.0,3.0,1.0,我不在意,能,每周两次以上,42.0
78.0,222.185.15.43(江苏-常州),30以上,江苏-常州市-天宁区,遇到过,还能接受,安卓手机,小米,mix2s,9.0,电信,wifi,黄金~钻石,经常看,3.0,3.0,4.0,4.0,4.0,3.0,2.0,2.0,3.0,3.0,3.0,3.0,3.0,3.0,2.0,我不在意,能,约每月一次,45.0
79.0,111.165.250.30(天津-天津),30以上,天津-天津市-河东区,没遇到过,没遇到过网络波动,模拟器,模拟器,模拟器,安卓5.1,联通,wifi,黄金~钻石,经常看,5.0,5.0,5.0,5.0,5.0,5.0,5.0,5.0,5.0,5.0,5.0,5.0,5.0,5.0,5.0,可以接受,能,不参与,75.0
80.0,106.124.244.56(新疆-喀什),30以上,新疆-喀什地区-泽普县,没遇到过,无明显感觉,安卓手机,oppo,r9,v5.2.1,移动,wifi,王者,经常看,5.0,5.0,5.0,4.0,5.0,5.0,5.0,5.0,5.0,5.0,5.0,5.0,5.0,3.0,4.0,可以接受,一般,每周两次以上,71.0
81.0,183.225.63.103(云南-曲靖),25~30,云南-昆明市-五华区,遇到过,比较难受,安卓手机,华为,nova3e,8.0.0,移动,4G,王者,经常看,3.0,2.0,2.0,1.0,2.0,2.0,2.0,1.0,3.0,3.0,3.0,3.0,1.0,3.0,3.0,可以接受,一般,每周两次以上,34.0
82.0,111.37.49.220(山东-潍坊),25~30,山东-潍坊市-昌邑市,没遇到过,比较难受,安卓手机,小米,5splus,MIUI10,其他〖无线〗,wifi,大师~传奇,偶尔看一下,3.0,3.0,3.0,3.0,2.0,2.0,3.0,2.0,2.0,2.0,2.0,2.0,3.0,2.0,1.0,不能接受,一般,约每月一次,35.0
83.0,118.112.177.28(四川-成都),19~24,四川-成都市-成华区,遇到过,感觉没法玩了,模拟器,PC,PC,Android7.0,电信,其他,黄金~钻石,偶尔看一下,2.0,3.0,2.0,4.0,4.0,3.0,2.0,2.0,3.0,3.0,3.0,4.0,3.0,3.0,3.0,可以接受,一般,不参与,44.0
84.0,119.80.194.161(北京-北京),19~24,北京-北京市-朝阳区,遇到过,还能接受,安卓手机,锤子手机,R1,6.6.3,电信,wifi,大师~传奇,偶尔看一下,4.0,4.0,4.0,5.0,1.0,1.0,2.0,3.0,2.0,2.0,2.0,2.0,4.0,3.0,1.0,我不在意,不能,约每周一次,40.0
85.0,223.198.140.52(海南-海口),25~30,海南-澄迈县,没遇到过,比较难受,安卓手机,华为,mate10 pro,BLA-AL00 8.0.0.100,电信,wifi,王者,偶尔看一下,5.0,5.0,5.0,5.0,5.0,4.0,4.0,4.0,5.0,5.0,5.0,4.0,4.0,4.0,3.0,我不在意,能,约每周一次,67.0
86.0,42.122.27.97(天津-天津),25~30,天津-天津市-津南区,遇到过,感觉没法玩了,安卓手机,小米,小米8,MIUI 10.2,联通,4G,黄金~钻石,偶尔看一下,4.0,4.0,4.0,3.0,5.0,5.0,5.0,5.0,4.0,4.0,5.0,5.0,5.0,3.0,5.0,可以接受,能,不参与,66.0
87.0,223.104.246.168(浙江-杭州),25~30,浙江-金华市-东阳市,没遇到过,比较难受,安卓手机,小米,小米8,8.1,移动,4G,大师~传奇,偶尔看一下,5.0,5.0,5.0,5.0,5.0,5.0,5.0,5.0,5.0,5.0,5.0,5.0,5.0,5.0,5.0,我不在意,一般,约每周一次,75.0
88.0,222.163.253.224(吉林-白山),25~30,吉林-白山市-抚松县,遇到过,比较难受,安卓手机,华为,mate20PRO,不知道,联通,wifi,黄金~钻石,偶尔看一下,3.0,2.0,2.0,5.0,2.0,4.0,3.0,3.0,2.0,2.0,4.0,2.0,2.0,2.0,1.0,我不在意,一般,约每年一次,39.0
89.0,223.104.64.231(广东-广州),25~30,广东-广州市-天河区,遇到过,比较难受,安卓手机,华为,mate9,9.0,移动,4G,大师~传奇,经常看,3.0,2.0,2.0,3.0,2.0,1.0,3.0,3.0,4.0,3.0,1.0,2.0,2.0,3.0,1.0,我不在意,一般,每周两次以上,35.0
90.0,61.176.253.223(辽宁-锦州),25~30,辽宁-锦州市-古塔区,遇到过,比较难受,模拟器,mumu,mumu,mumu,联通,wifi,王者,偶尔看一下,2.0,1.0,1.0,2.0,1.0,3.0,1.0,1.0,2.0,2.0,2.0,2.0,1.0,3.0,1.0,我不在意,一般,不参与,25.0
91.0,112.224.20.211(山东-济南),13~18,山东-济南市-市中区,遇到过,比较难受,安卓手机,华为,nova,安卓7.0,联通,4G,黄金~钻石,经常看,2.0,3.0,3.0,4.0,5.0,4.0,5.0,3.0,3.0,4.0,4.0,3.0,4.0,4.0,4.0,我不在意,能,每周两次以上,55.0
92.0,58.243.250.135(安徽-合肥),19~24,安徽-马鞍山市-雨山区,遇到过,感觉没法玩了,安卓手机,小米,8se,骁龙7,联通,4G,王者,经常看,3.0,3.0,3.0,3.0,3.0,3.0,1.0,2.0,3.0,3.0,3.0,3.0,1.0,3.0,5.0,我不在意,一般,每周两次以上,42.0
93.0,58.38.233.194(上海-上海),25~30,上海-上海市-徐汇区,没遇到过,无明显感觉,模拟器,蓝叠,模拟器,5.1,电信,wifi,王者,经常看,3.0,2.0,2.0,3.0,4.0,2.0,5.0,4.0,3.0,3.0,4.0,5.0,5.0,5.0,4.0,可以接受,一般,约每月一次,54.0
94.0,117.152.231.203(湖北-黄石),25~30,湖北-黄石市-西塞山区,遇到过,感觉没法玩了,安卓手机,三星,S6,123.0,移动,wifi,大师~传奇,经常看,3.0,4.0,3.0,3.0,4.0,4.0,3.0,2.0,3.0,3.0,4.0,3.0,3.0,4.0,3.0,我不在意,一般,每周两次以上,49.0
95.0,117.131.36.133(上海-上海),25~30,上海-上海市-普陀区,遇到过,感觉没法玩了,安卓手机,三星,Galaxy S10,安卓最新,移动,wifi,大师~传奇,偶尔看一下,3.0,4.0,3.0,3.0,5.0,4.0,5.0,5.0,4.0,4.0,4.0,4.0,4.0,5.0,3.0,我不在意,能,约每月一次,60.0
96.0,171.212.26.154(四川-达州),25~30,四川-达州市-通川区,没遇到过,没遇到过网络波动,安卓手机,魅族,魅蓝E3,最新,电信,wifi,大师~传奇,偶尔看一下,3.0,3.0,2.0,3.0,4.0,4.0,3.0,2.0,3.0,2.0,3.0,2.0,2.0,4.0,1.0,可以接受,能,不参与,41.0
97.0,223.104.64.231(广东-广州),25~30,广东-韶关市-武江区,遇到过,比较难受,安卓手机,华为,mate20 pro,9.1,电信,wifi,王者,经常看,3.0,3.0,3.0,3.0,3.0,2.0,3.0,3.0,4.0,4.0,2.0,3.0,4.0,4.0,2.0,可以接受,一般,每周两次以上,46.0
98.0,171.210.178.167(四川-成都),30以上,四川-成都市-天府新区,遇到过,感觉没法玩了,安卓手机,华为,荣耀10,不知道,电信,4G,黄金~钻石,偶尔看一下,2.0,1.0,3.0,2.0,2.0,4.0,3.0,2.0,3.0,3.0,2.0,2.0,2.0,1.0,1.0,我不在意,不能,约每年一次,33.0
99.0,103.251.99.235(广西-南宁),30以上,广西-南宁市-兴宁区,遇到过,还能接受,安卓手机,华为,Mate 20,9.0,联通,4G,黄金~钻石,偶尔看一下,3.0,3.0,3.0,3.0,3.0,3.0,3.0,3.0,3.0,3.0,4.0,3.0,3.0,3.0,2.0,可以接受,一般,每周两次以上,45.0
100.0,119.54.174.209(吉林-四平),19~24,吉林-四平市-铁东区,遇到过,感觉没法玩了,安卓手机,oppo,r11,安卓,移动,wifi,黄金~钻石,经常看,3.0,3.0,3.0,4.0,4.0,3.0,1.0,1.0,3.0,3.0,4.0,3.0,3.0,4.0,2.0,可以接受,能,约每周一次,44.0
101.0,116.227.97.244(上海-上海),30以上,上海-上海市-浦东新区,没遇到过,没遇到过网络波动,凤凰系统,凤凰,I5,3.0.8,电信,其他,王者,经常看,3.0,3.0,2.0,4.0,4.0,4.0,4.0,4.0,2.0,2.0,4.0,3.0,3.0,3.0,3.0,我不在意,一般,不参与,48.0
102.0,222.188.169.161(江苏-常州),30以上,江苏-常州市-溧阳市,遇到过,感觉没法玩了,安卓手机,华为,mate20pro,9.0.201,电信,wifi,黄金~钻石,经常看,3.0,3.0,2.0,4.0,4.0,4.0,3.0,3.0,3.0,3.0,3.0,4.0,4.0,4.0,3.0,可以接受,能,约每周一次,50.0
103.0,180.170.64.13(上海-上海),30以上,上海-上海市-浦东新区,没遇到过,还能接受,凤凰系统,联想,拯救者,win10,电信,其他,大师~传奇,经常看,3.0,3.0,3.0,3.0,4.0,4.0,4.0,3.0,2.0,3.0,3.0,3.0,3.0,4.0,4.0,可以接受,能,约每月一次,49.0
104.0,122.137.82.15(吉林-吉林),30以上,吉林-吉林市-丰满区,遇到过,比较难受,安卓手机,华为,mate10pro,9.0,联通,wifi,黄金~钻石,经常看,4.0,5.0,4.0,4.0,5.0,3.0,3.0,4.0,4.0,3.0,4.0,4.0,3.0,4.0,3.0,可以接受,能,约每月一次,57.0
105.0,218.67.18.51(福建-漳州),25~30,福建-漳州市-长泰县,遇到过,还能接受,安卓手机,oppo,r12,3.0,联通,wifi,王者,经常看,3.0,3.0,3.0,3.0,3.0,3.0,3.0,3.0,3.0,3.0,3.0,3.0,3.0,3.0,3.0,我不在意,能,约每年一次,45.0
106.0,183.184.110.133(山西-太原),30以上,山西-太原市-迎泽区,遇到过,还能接受,模拟器,雷电模拟器,不知道,5.1.1,联通,其他,大师~传奇,偶尔看一下,4.0,4.0,2.0,3.0,5.0,2.0,5.0,4.0,2.0,1.0,2.0,3.0,2.0,4.0,5.0,我不在意,能,不参与,48.0
107.0,116.235.1.216(上海-上海),25~30,上海-上海市-宝山区,遇到过,感觉没法玩了,凤凰系统,电脑,华硕,win10,移动,wifi,黄金~钻石,经常看,5.0,5.0,5.0,5.0,5.0,5.0,5.0,5.0,5.0,5.0,5.0,5.0,5.0,5.0,5.0,可以接受,不能,不参与,75.0
108.0,171.123.110.30(山西-长治),30以上,山西-长治市-潞城市,遇到过,比较难受,安卓手机,华为荣耀,v20,9.1,联通,wifi,王者,经常看,3.0,3.0,3.0,2.0,3.0,4.0,3.0,4.0,3.0,2.0,3.0,4.0,3.0,4.0,4.0,我不在意,一般,约每周一次,48.0
109.0,120.242.158.9(安徽-未知),30以上,浙江-台州市-温岭市,遇到过,比较难受,安卓手机,荣耀,V9,8.0,移动,4G,黄金~钻石,经常看,4.0,4.0,3.0,2.0,5.0,1.0,3.0,4.0,4.0,5.0,1.0,3.0,4.0,3.0,5.0,可以接受,能,约每月一次,51.0
110.0,223.157.29.189(湖南-娄底),30以上,湖南-娄底市-娄星区,遇到过,感觉没法玩了,安卓手机,小米,9.0,MIUI 10.2稳定版,移动,wifi,王者,经常看,3.0,3.0,3.0,3.0,3.0,1.0,1.0,1.0,1.0,1.0,1.0,1.0,1.0,1.0,1.0,可以接受,能,不参与,25.0
111.0,221.218.106.179(北京-北京),30以上,北京-北京市-海淀区,没遇到过,感觉没法玩了,安卓手机,华为,Mate10,Android 4.2,联通,wifi,王者,经常看,4.0,4.0,3.0,3.0,5.0,3.0,5.0,3.0,3.0,3.0,3.0,3.0,4.0,4.0,3.0,不能接受,能,约每周一次,53.0
112.0,112.2.152.207(江苏-南通),25~30,江苏-南通市-崇川区,没遇到过,比较难受,安卓手机,vivo,nex s,8.0,移动,wifi,黄金~钻石,偶尔看一下,4.0,4.0,4.0,4.0,3.0,4.0,3.0,3.0,3.0,3.0,4.0,2.0,2.0,2.0,1.0,可以接受,一般,不参与,46.0
113.0,117.136.23.155(湖北-武汉),25~30,湖北-武汉市-硚口区,遇到过,感觉没法玩了,安卓手机,华为,荣耀v10,安卓8.0,移动,4G,黄金~钻石,经常看,3.0,3.0,3.0,2.0,2.0,3.0,5.0,3.0,3.0,2.0,4.0,3.0,2.0,4.0,2.0,可以接受,一般,约每周一次,44.0
114.0,223.104.131.231(湖南-长沙),30以上,湖南-长沙市-岳麓区,没遇到过,感觉没法玩了,安卓手机,vivo,nex s,funtouch os,移动,4G,大师~传奇,偶尔看一下,5.0,5.0,4.0,5.0,4.0,4.0,4.0,4.0,3.0,4.0,4.0,5.0,5.0,5.0,3.0,可以接受,能,约每月一次,64.0
115.0,157.255.172.17(广东-深圳),30以上,福建-福州市-平潭县,遇到过,感觉没法玩了,安卓手机,小米,米8,安卓,联通,4G,王者,经常看,4.0,4.0,3.0,3.0,3.0,4.0,3.0,2.0,3.0,3.0,3.0,4.0,2.0,3.0,2.0,我不在意,能,每周两次以上,46.0
116.0,223.72.27.174(北京-北京),25~30,山东-济南市-高新区,遇到过,比较难受,安卓手机,vivo,x7,5.1.1,联通,wifi,黄金~钻石,偶尔看一下,3.0,3.0,3.0,4.0,5.0,4.0,5.0,4.0,4.0,4.0,5.0,5.0,5.0,5.0,4.0,可以接受,能,约每周一次,63.0
117.0,110.154.127.243(新疆-喀什),25~30,新疆-喀什地区-喀什市,遇到过,还能接受,模拟器,组装,台式机,win10,电信,其他,王者,经常看,1.0,2.0,2.0,4.0,4.0,2.0,2.0,2.0,3.0,3.0,3.0,3.0,3.0,4.0,4.0,可以接受,能,约每周一次,42.0
118.0,117.136.78.98(山东-青岛),25~30,山东-青岛市-李沧区,遇到过,感觉没法玩了,安卓手机,小米,小米8,MIUI,移动,4G,黄金~钻石,经常看,1.0,3.0,5.0,4.0,4.0,5.0,2.0,4.0,2.0,2.0,5.0,3.0,5.0,5.0,1.0,我不在意,能,约每月一次,51.0
119.0,122.195.116.229(江苏-扬州),25~30,江苏-扬州市-广陵区,遇到过,比较难受,安卓手机,小米,红米note,mi,移动,wifi,黄金~钻石,经常看,4.0,3.0,3.0,4.0,3.0,3.0,4.0,3.0,3.0,3.0,4.0,4.0,4.0,4.0,3.0,可以接受,能,约每周一次,52.0
120.0,118.212.204.71(江西-赣州),25~30,江西-上饶市-广丰区,没遇到过,没遇到过网络波动,安卓手机,小米,mix3,最新,移动,wifi,大师~传奇,经常看,1.0,1.0,1.0,1.0,2.0,1.0,5.0,5.0,2.0,1.0,5.0,5.0,5.0,5.0,5.0,可以接受,能,约每周一次,45.0
121.0,183.209.142.107(江苏-南京),25~30,江苏-南京市-玄武区,遇到过,感觉没法玩了,安卓手机,小米,米6,安卓,移动,wifi,黄金~钻石,经常看,5.0,4.0,5.0,5.0,5.0,5.0,4.0,5.0,4.0,4.0,3.0,5.0,4.0,4.0,1.0,不能接受,能,每周两次以上,63.0
122.0,115.225.70.176(浙江-绍兴),25~30,浙江-绍兴市-柯桥区,没遇到过,比较难受,安卓手机,华为,mate20pro,安卓9,移动,4G,黄金~钻石,经常看,3.0,1.0,2.0,4.0,5.0,2.0,4.0,1.0,3.0,4.0,4.0,4.0,2.0,4.0,1.0,可以接受,能,约每月一次,44.0
123.0,182.241.205.164(云南-西双版纳),30以上,云南-西双版纳傣族自治州-景洪市,遇到过,还能接受,安卓手机,HTC,U11,8.0,电信,4G,大师~传奇,偶尔看一下,5.0,5.0,4.0,5.0,5.0,3.0,5.0,3.0,4.0,3.0,4.0,4.0,2.0,4.0,3.0,我不在意,能,不参与,59.0
124.0,117.82.0.160(江苏-苏州),30以上,江苏-苏州市-姑苏区,没遇到过,感觉没法玩了,模拟器,小米,小米8,安卓9，。0,电信,wifi,黄金~钻石,偶尔看一下,4.0,4.0,4.0,4.0,2.0,1.0,4.0,3.0,3.0,3.0,1.0,3.0,3.0,3.0,1.0,可以接受,不能,约每月一次,43.0
125.0,42.84.167.20(辽宁-大连),30以上,辽宁-大连市-普兰店市,遇到过,比较难受,安卓手机,vivo,x20aplus,8.5.1,联通,4G,黄金~钻石,经常看,4.0,3.0,4.0,5.0,4.0,3.0,3.0,3.0,3.0,3.0,4.0,4.0,3.0,4.0,3.0,可以接受,能,约每周一次,53.0
126.0,114.88.77.233(上海-上海),30以上,上海-上海市-虹口区,没遇到过,没遇到过网络波动,安卓手机,小米,5splus,MIUI10.1,联通,wifi,王者,经常看,3.0,3.0,4.0,4.0,4.0,3.0,4.0,2.0,2.0,2.0,3.0,3.0,2.0,4.0,3.0,可以接受,能,约每年一次,46.0
127.0,112.96.39.45(广东-广州),30以上,广东-广州市-天河区,没遇到过,比较难受,安卓手机,华为,mate20X,9.0,联通,4G,王者,经常看,4.0,4.0,4.0,4.0,3.0,4.0,3.0,4.0,4.0,3.0,3.0,3.0,3.0,4.0,3.0,可以接受,能,每周两次以上,53.0
128.0,117.136.46.78(江苏-无锡),30以上,江苏-无锡市-惠山区,没遇到过,没遇到过网络波动,安卓手机,VIVO,iqoo,安卓9,移动,4G,黄金~钻石,偶尔看一下,3.0,3.0,3.0,4.0,4.0,3.0,3.0,3.0,3.0,3.0,3.0,3.0,3.0,3.0,3.0,我不在意,一般,不参与,47.0
129.0,36.157.193.176(湖南-长沙),30以上,湖南-长沙市-开福区,遇到过,无明显感觉,安卓手机,小米,mix2,MIUI,移动,wifi,大师~传奇,经常看,4.0,3.0,4.0,4.0,4.0,1.0,4.0,3.0,3.0,3.0,3.0,3.0,3.0,3.0,3.0,我不在意,一般,约每月一次,48.0
130.0,27.18.156.74(湖北-武汉),25~30,湖北-武汉市-汉阳区,遇到过,比较难受,模拟器,电脑,电脑,电脑,电信,wifi,王者,经常看,4.0,4.0,2.0,3.0,5.0,5.0,4.0,4.0,4.0,4.0,3.0,4.0,2.0,4.0,2.0,可以接受,能,每周两次以上,54.0
131.0,139.226.141.71(上海-上海),25~30,上海-上海市-浦东新区,没遇到过,感觉没法玩了,安卓手机,xiaomi,mix2s,V10.3.1,电信,wifi,王者,经常看,5.0,5.0,4.0,5.0,5.0,1.0,5.0,5.0,4.0,5.0,5.0,5.0,5.0,5.0,5.0,我不在意,能,每周两次以上,69.0
132.0,112.91.109.23(广东-韶关),25~30,广东-珠海市-香洲区,遇到过,感觉没法玩了,安卓手机,华为,P20,9.0,联通,wifi,王者,经常看,4.0,4.0,4.0,4.0,4.0,4.0,4.0,4.0,4.0,4.0,4.0,4.0,4.0,4.0,4.0,可以接受,能,约每周一次,60.0
133.0,49.80.120.184(江苏-常州),30以上,上海-上海市-普陀区,遇到过,比较难受,安卓手机,小米,小米8,不知道,电信,wifi,黄金~钻石,偶尔看一下,3.0,3.0,2.0,4.0,4.0,3.0,3.0,3.0,3.0,3.0,3.0,4.0,4.0,4.0,3.0,可以接受,一般,约每周一次,49.0
134.0,123.196.14.27(山东-烟台),30以上,山东-青岛市-黄岛区,没遇到过,还能接受,安卓手机,小米,小米8,安卓5,联通,4G,青铜~白银,经常看,3.0,3.0,3.0,2.0,2.0,2.0,3.0,3.0,3.0,3.0,2.0,3.0,3.0,3.0,2.0,我不在意,一般,约每周一次,40.0
135.0,110.254.158.114(河北-承德),25~30,河北-承德市-隆化县,没遇到过,没遇到过网络波动,安卓手机,vivo,xplay,123.0,联通,wifi,大师~传奇,经常看,3.0,3.0,4.0,3.0,4.0,4.0,3.0,4.0,3.0,4.0,4.0,2.0,2.0,2.0,3.0,我不在意,能,不参与,48.0
136.0,113.0.26.190(黑龙江-哈尔滨),19~24,黑龙江-哈尔滨市-香坊区,遇到过,还能接受,安卓手机,小米,小米8,安卓,联通,4G,大师~传奇,偶尔看一下,3.0,3.0,3.0,4.0,5.0,5.0,5.0,1.0,3.0,2.0,5.0,3.0,2.0,4.0,4.0,可以接受,不能,不参与,52.0
137.0,182.148.114.166(四川-成都),30以上,四川-成都市-武侯区,遇到过,比较难受,模拟器,mumu,1.0,1.0,电信,wifi,黄金~钻石,经常看,3.0,3.0,3.0,3.0,4.0,4.0,4.0,4.0,3.0,3.0,3.0,4.0,3.0,4.0,5.0,我不在意,一般,不参与,53.0
138.0,120.229.227.65(广东-揭阳),25~30,广东-揭阳市-揭西县,遇到过,比较难受,安卓手机,华为荣耀,8.0,安卓8.0,移动,4G,黄金~钻石,不关注,4.0,4.0,3.0,3.0,2.0,2.0,3.0,2.0,3.0,4.0,3.0,2.0,3.0,3.0,1.0,我不在意,能,不参与,42.0
139.0,100.120.34.115(国外-保留),30以上,福建-漳州市-漳浦县,没遇到过,无明显感觉,安卓手机,荣耀,8X,8.1.0,移动,4G,黄金~钻石,偶尔看一下,3.0,2.0,2.0,2.0,2.0,2.0,3.0,3.0,3.0,3.0,3.0,3.0,3.0,3.0,3.0,我不在意,一般,约每年一次,40.0
140.0,120.85.78.241(广东-广州),25~30,广东-广州市-天河区,遇到过,感觉没法玩了,安卓手机,小米,小米9,mu10,联通,wifi,王者,经常看,3.0,3.0,3.0,3.0,3.0,1.0,3.0,1.0,3.0,3.0,2.0,3.0,3.0,3.0,1.0,可以接受,一般,约每周一次,38.0
141.0,36.60.13.152(安徽-合肥),25~30,安徽-合肥市-蜀山区,遇到过,感觉没法玩了,安卓手机,oppo,r11,5.0,电信,wifi,黄金~钻石,偶尔看一下,4.0,4.0,4.0,4.0,4.0,4.0,4.0,4.0,4.0,4.0,4.0,4.0,4.0,4.0,4.0,我不在意,一般,约每周一次,60.0
142.0,183.212.160.28(江苏-南京),30以上,江苏-南京市-鼓楼区,没遇到过,没遇到过网络波动,安卓手机,小米,8.0,安卓9,移动,wifi,黄金~钻石,经常看,3.0,3.0,3.0,3.0,3.0,4.0,2.0,2.0,2.0,2.0,3.0,2.0,3.0,2.0,3.0,可以接受,一般,不参与,40.0
143.0,113.140.18.138(陕西-西安),30以上,陕西-西安市-莲湖区,没遇到过,比较难受,安卓手机,小米,8.0,10.2,联通,wifi,黄金~钻石,经常看,4.0,4.0,4.0,4.0,4.0,4.0,4.0,4.0,4.0,4.0,4.0,4.0,4.0,4.0,4.0,可以接受,能,不参与,60.0
144.0,14.27.42.162(广东-广州),30以上,广东-珠海市-香洲区,遇到过,感觉没法玩了,安卓手机,小米,mix2s,MIUI10.2,电信,wifi,王者,经常看,3.0,3.0,3.0,2.0,2.0,1.0,3.0,4.0,2.0,2.0,2.0,4.0,4.0,2.0,1.0,可以接受,能,约每月一次,38.0
145.0,119.131.170.244(广东-广州),19~24,广东-广州市-天河区,遇到过,感觉没法玩了,安卓手机,华为,mate20,EMUI9.0.0,移动,4G,王者,经常看,3.0,3.0,3.0,2.0,4.0,3.0,3.0,2.0,3.0,2.0,2.0,2.0,2.0,4.0,3.0,可以接受,能,约每周一次,41.0
146.0,183.193.58.186(上海-上海),25~30,上海-上海市-杨浦区,遇到过,感觉没法玩了,安卓平板,小米,pad4,MI10,电信,wifi,黄金~钻石,经常看,4.0,4.0,4.0,3.0,3.0,2.0,4.0,4.0,4.0,4.0,4.0,4.0,3.0,3.0,3.0,可以接受,能,约每周一次,53.0
147.0,49.86.115.55(江苏-扬州),25~30,江苏-扬州市-邗江区,遇到过,比较难受,安卓手机,三星,s8+,不清楚,移动,wifi,大师~传奇,偶尔看一下,3.0,3.0,3.0,3.0,3.0,1.0,3.0,2.0,3.0,3.0,4.0,4.0,4.0,4.0,3.0,我不在意,一般,约每周一次,46.0
148.0,117.25.107.47(福建-福州),30以上,福建-福州市-晋安区,遇到过,感觉没法玩了,安卓手机,小米,mix2s,9.0,电信,wifi,黄金~钻石,经常看,3.0,2.0,2.0,3.0,3.0,2.0,1.0,1.0,2.0,1.0,1.0,1.0,1.0,3.0,1.0,可以接受,一般,不参与,27.0
149.0,180.175.249.238(上海-上海),25~30,上海-上海市-嘉定区,遇到过,感觉没法玩了,安卓手机,vivo,NEX,不知道,电信,wifi,大师~传奇,偶尔看一下,1.0,2.0,1.0,1.0,1.0,1.0,3.0,1.0,2.0,1.0,3.0,3.0,3.0,1.0,1.0,不能接受,一般,不参与,25.0
150.0,125.110.249.37(浙江-温州),30以上,云南-保山市-昌宁县,遇到过,比较难受,安卓手机,华为,MATE20,是谁,电信,wifi,王者,经常看,2.0,2.0,2.0,3.0,3.0,3.0,3.0,4.0,3.0,4.0,4.0,3.0,3.0,2.0,3.0,可以接受,不能,约每月一次,44.0
151.0,223.101.59.243(辽宁-沈阳),30以上,辽宁-沈阳市-沈河区,遇到过,感觉没法玩了,安卓手机,华为,v9,9.0,移动,wifi,黄金~钻石,偶尔看一下,3.0,2.0,3.0,2.0,2.0,3.0,4.0,2.0,3.0,3.0,4.0,3.0,3.0,4.0,2.0,我不在意,能,不参与,43.0
152.0,111.41.170.227(黑龙江-哈尔滨),30以上,黑龙江-哈尔滨市-道里区,没遇到过,感觉没法玩了,安卓手机,oppo,findx,8.1.0,移动,4G,黄金~钻石,偶尔看一下,4.0,4.0,4.0,4.0,3.0,2.0,4.0,3.0,3.0,3.0,3.0,3.0,3.0,3.0,2.0,我不在意,能,约每周一次,48.0
153.0,183.69.234.208(重庆-重庆),30以上,重庆-重庆市-沙坪坝区,遇到过,感觉没法玩了,安卓手机,魅族,16plus,flyme7.3,电信,wifi,黄金~钻石,偶尔看一下,4.0,4.0,3.0,3.0,4.0,3.0,4.0,3.0,3.0,3.0,3.0,3.0,3.0,4.0,3.0,可以接受,能,不参与,50.0
154.0,1.62.161.89(黑龙江-哈尔滨),25~30,黑龙江-哈尔滨市-南岗区,没遇到过,感觉没法玩了,安卓手机,华为,mate10,emui9,联通,wifi,大师~传奇,经常看,1.0,3.0,1.0,5.0,3.0,1.0,2.0,3.0,2.0,2.0,2.0,5.0,2.0,3.0,3.0,我不在意,一般,约每周一次,38.0
155.0,27.9.184.154(重庆-重庆),25~30,重庆-重庆市-北碚区,遇到过,比较难受,模拟器,模拟器,蓝蝶,5.1,联通,其他,王者,偶尔看一下,2.0,3.0,3.0,4.0,4.0,4.0,2.0,2.0,3.0,3.0,3.0,5.0,5.0,4.0,5.0,可以接受,一般,约每月一次,52.0
156.0,61.148.245.173(北京-北京),25~30,山西-晋城市-城区,遇到过,感觉没法玩了,安卓手机,一加,5T,7.0.1,联通,4G,大师~传奇,经常看,4.0,3.0,3.0,4.0,2.0,2.0,4.0,2.0,3.0,3.0,4.0,3.0,3.0,3.0,1.0,可以接受,一般,每周两次以上,44.0
157.0,119.39.248.76(湖南-长沙),30以上,湖南-衡阳市-珠晖区,遇到过,比较难受,安卓手机,华为,mate10,安卓9.0,联通,4G,黄金~钻石,经常看,2.0,3.0,3.0,3.0,2.0,3.0,2.0,4.0,3.0,3.0,3.0,4.0,3.0,5.0,5.0,可以接受,能,约每月一次,48.0
158.0,218.89.238.4(四川-成都),19~24,北京-北京市-石景山区,没遇到过,比较难受,凤凰系统,zvz,zvz,zvcz,电信,4G,青铜~白银,经常看,3.0,3.0,3.0,3.0,3.0,3.0,3.0,3.0,3.0,3.0,3.0,3.0,3.0,3.0,3.0,我不在意,能,每周两次以上,45.0
159.0,221.213.119.126(云南-昆明),30以上,云南-昆明市-官渡区,没遇到过,感觉没法玩了,安卓手机,华为,mate10pro,9.0,移动,4G,黄金~钻石,经常看,4.0,3.0,4.0,3.0,4.0,4.0,4.0,4.0,4.0,3.0,3.0,4.0,3.0,4.0,3.0,我不在意,一般,约每年一次,54.0
160.0,223.166.32.24(上海-上海),30以上,上海-上海市-静安区,遇到过,比较难受,安卓手机,一加,5.0,9.0,联通,wifi,黄金~钻石,偶尔看一下,3.0,3.0,3.0,3.0,4.0,4.0,4.0,4.0,3.0,3.0,4.0,4.0,4.0,4.0,3.0,我不在意,一般,每周两次以上,53.0
161.0,113.231.153.244(辽宁-锦州),30以上,辽宁-锦州市-太和区,没遇到过,比较难受,安卓手机,华为,荣耀9,安卓9.0,移动,4G,黄金~钻石,偶尔看一下,4.0,4.0,4.0,3.0,5.0,3.0,3.0,2.0,2.0,2.0,3.0,2.0,2.0,3.0,3.0,可以接受,一般,不参与,45.0
162.0,123.120.241.46(北京-北京),30以上,北京-北京市-朝阳区,遇到过,比较难受,安卓手机,小米,米9,最新,移动,wifi,黄金~钻石,偶尔看一下,3.0,3.0,3.0,3.0,3.0,3.0,3.0,3.0,3.0,3.0,3.0,3.0,3.0,3.0,3.0,可以接受,一般,约每月一次,45.0
163.0,61.49.215.234(北京-北京),19~24,北京-北京市-密云区,没遇到过,比较难受,安卓手机,黑鲨,黑鲨1,G66X1904020CN00MPX,电信,4G,黄金~钻石,经常看,3.0,3.0,3.0,5.0,4.0,5.0,4.0,4.0,4.0,4.0,4.0,4.0,4.0,4.0,4.0,可以接受,一般,约每周一次,59.0
164.0,111.25.126.55(吉林-长春),19~24,吉林-四平市-公主岭市,没遇到过,感觉没法玩了,安卓手机,小米,小米9,安卓,移动,wifi,黄金~钻石,经常看,3.0,3.0,2.0,4.0,5.0,4.0,3.0,3.0,3.0,2.0,3.0,2.0,2.0,4.0,2.0,可以接受,能,约每周一次,45.0
165.0,220.187.9.189(浙江-舟山),25~30,浙江-舟山市-定海区,遇到过,比较难受,模拟器,黑鲨,helo,andorid8,电信,wifi,王者,经常看,3.0,3.0,1.0,2.0,4.0,4.0,4.0,4.0,3.0,2.0,4.0,4.0,3.0,4.0,2.0,可以接受,能,约每月一次,47.0
166.0,144.0.51.234(山东-青岛),30以上,山东-青岛市-市北区,没遇到过,没遇到过网络波动,安卓手机,华为,note8,8.0,联通,wifi,大师~传奇,经常看,3.0,3.0,3.0,4.0,4.0,4.0,4.0,5.0,3.0,3.0,5.0,5.0,5.0,5.0,5.0,可以接受,一般,约每月一次,61.0
167.0,36.22.59.149(浙江-宁波),30以上,浙江-宁波市-北仑区,没遇到过,没遇到过网络波动,安卓手机,小米,小米6,MIUI10.3,电信,wifi,王者,经常看,4.0,4.0,4.0,5.0,3.0,3.0,3.0,3.0,4.0,4.0,5.0,3.0,3.0,3.0,3.0,可以接受,一般,约每周一次,54.0
168.0,49.81.199.34(江苏-徐州),30以上,江苏-徐州市-云龙区,遇到过,感觉没法玩了,安卓手机,小米,小米mix,最新版,电信,wifi,大师~传奇,偶尔看一下,3.0,3.0,3.0,3.0,3.0,3.0,1.0,1.0,1.0,1.0,3.0,1.0,1.0,1.0,3.0,我不在意,一般,约每周一次,31.0
169.0,122.238.29.21(浙江-嘉兴),30以上,浙江-嘉兴市-海宁市,没遇到过,比较难受,安卓手机,华为,mate20,eu9.0,电信,wifi,王者,经常看,5.0,5.0,5.0,5.0,5.0,5.0,5.0,5.0,5.0,5.0,5.0,5.0,5.0,5.0,5.0,我不在意,一般,约每月一次,75.0
170.0,117.150.149.81(湖北-咸宁),30以上,湖北-咸宁市-咸安区,遇到过,比较难受,安卓手机,红米,not7pro,miui10,电信,4G,王者,偶尔看一下,3.0,2.0,2.0,3.0,4.0,3.0,4.0,4.0,3.0,3.0,3.0,3.0,3.0,3.0,2.0,不能接受,一般,约每周一次,45.0
171.0,120.229.77.248(广东-深圳),30以上,广东-深圳市-罗湖区,遇到过,没遇到过网络波动,安卓手机,三星,S8,9.0,移动,wifi,黄金~钻石,偶尔看一下,5.0,5.0,4.0,5.0,4.0,3.0,4.0,4.0,4.0,4.0,3.0,4.0,4.0,4.0,3.0,我不在意,一般,不参与,60.0
172.0,42.87.161.0(辽宁-抚顺),30以上,辽宁-抚顺市-望花区,遇到过,比较难受,安卓手机,vivo,X9s,安卓8.1.0,联通,wifi,黄金~钻石,偶尔看一下,3.0,3.0,3.0,3.0,3.0,3.0,3.0,2.0,3.0,3.0,3.0,3.0,3.0,3.0,2.0,我不在意,一般,约每月一次,43.0
173.0,113.69.199.146(广东-佛山),30以上,广西-梧州市-万秀区,遇到过,感觉没法玩了,安卓手机,redmi,5P,7.0,移动,4G,黄金~钻石,偶尔看一下,5.0,5.0,5.0,5.0,4.0,4.0,4.0,4.0,4.0,5.0,4.0,3.0,3.0,3.0,4.0,我不在意,能,不参与,62.0
174.0,113.228.175.190(辽宁-锦州),25~30,辽宁-锦州市-凌河区,没遇到过,感觉没法玩了,安卓手机,荣耀,荣耀九,8.0,移动,wifi,黄金~钻石,偶尔看一下,4.0,4.0,5.0,5.0,4.0,4.0,5.0,4.0,5.0,4.0,4.0,4.0,4.0,4.0,2.0,可以接受,一般,约每年一次,62.0
175.0,61.158.147.64(河南-洛阳),30以上,河南-南阳市-卧龙区,没遇到过,感觉没法玩了,安卓手机,荣耀V20,荣耀V20,安卓9.1,联通,4G,黄金~钻石,经常看,3.0,3.0,2.0,4.0,3.0,2.0,3.0,5.0,3.0,3.0,3.0,3.0,3.0,4.0,2.0,不能接受,一般,约每周一次,46.0
176.0,223.84.231.130(江西-萍乡),25~30,江西-萍乡市-安源区,没遇到过,没遇到过网络波动,模拟器,11.0,111.0,111.0,电信,wifi,黄金~钻石,经常看,1.0,1.0,1.0,3.0,3.0,3.0,3.0,3.0,3.0,3.0,3.0,3.0,3.0,3.0,3.0,不能接受,一般,每周两次以上,39.0
177.0,223.104.145.111(江苏-苏州),25~30,江苏-无锡市-滨湖区,遇到过,感觉没法玩了,安卓手机,OPPO,R11S,7.1.1,移动,4G,王者,经常看,4.0,4.0,3.0,3.0,4.0,3.0,4.0,4.0,3.0,3.0,4.0,4.0,3.0,3.0,4.0,可以接受,能,约每月一次,53.0
178.0,117.35.30.184(陕西-榆林),30以上,陕西-榆林市-榆阳区,没遇到过,感觉没法玩了,安卓手机,华为,mate8,8.0.0,电信,wifi,黄金~钻石,偶尔看一下,3.0,3.0,3.0,3.0,4.0,3.0,3.0,4.0,3.0,2.0,2.0,3.0,2.0,3.0,3.0,我不在意,一般,不参与,44.0
179.0,123.186.56.28(辽宁-鞍山),30以上,辽宁-鞍山市-铁西区,遇到过,比较难受,安卓手机,360.0,N7,安卓8.1.0,电信,wifi,黄金~钻石,偶尔看一下,3.0,5.0,4.0,5.0,5.0,5.0,5.0,3.0,3.0,3.0,4.0,4.0,4.0,5.0,5.0,我不在意,能,每周两次以上,63.0
180.0,183.198.226.49(河北-邢台),25~30,河北-邢台市-南宫市,遇到过,比较难受,安卓手机,oppo,r9splus,6.01,移动,wifi,黄金~钻石,偶尔看一下,4.0,4.0,3.0,3.0,3.0,2.0,3.0,2.0,3.0,3.0,3.0,3.0,3.0,3.0,3.0,我不在意,一般,约每月一次,45.0
181.0,125.73.91.87(广西-柳州),30以上,广西-柳州市-鱼峰区,遇到过,感觉没法玩了,模拟器,小米,6.0,安卓,移动,wifi,王者,经常看,1.0,1.0,1.0,3.0,5.0,3.0,1.0,1.0,1.0,1.0,3.0,3.0,1.0,5.0,5.0,我不在意,能,每周两次以上,35.0
182.0,110.176.254.249(山西-太原),19~24,山西-太原市-小店区,遇到过,比较难受,安卓手机,小米,小米8,安卓8.0,电信,4G,黄金~钻石,经常看,5.0,5.0,5.0,5.0,5.0,4.0,5.0,4.0,5.0,5.0,4.0,4.0,4.0,4.0,5.0,可以接受,能,约每周一次,69.0
183.0,171.214.182.85(四川-成都),19~24,河南-郑州市-金水区,遇到过,还能接受,安卓手机,小米,小米6,安卓,移动,4G,大师~传奇,经常看,2.0,3.0,1.0,2.0,2.0,2.0,2.0,3.0,2.0,2.0,2.0,2.0,2.0,3.0,2.0,可以接受,一般,约每月一次,32.0
184.0,223.104.16.240(吉林-长春),13~18,吉林-白城市-大安市,遇到过,比较难受,安卓手机,小米,小米8,mini10,电信,4G,黄金~钻石,经常看,3.0,3.0,4.0,2.0,4.0,4.0,2.0,1.0,5.0,5.0,5.0,5.0,5.0,5.0,5.0,不能接受,不能,不参与,58.0
185.0,117.95.83.180(江苏-淮安),25~30,江苏-淮安市-清河区,没遇到过,比较难受,安卓手机,vivo,nex,9.0,移动,wifi,黄金~钻石,经常看,5.0,5.0,5.0,5.0,5.0,4.0,5.0,5.0,5.0,5.0,5.0,5.0,5.0,5.0,4.0,可以接受,能,约每周一次,73.0
186.0,42.100.3.10(黑龙江-哈尔滨),25~30,黑龙江-哈尔滨市-南岗区,遇到过,比较难受,模拟器,蓝叠,无,五,电信,wifi,王者,经常看,3.0,2.0,2.0,1.0,3.0,2.0,4.0,3.0,2.0,3.0,3.0,4.0,3.0,5.0,3.0,我不在意,能,约每周一次,43.0
187.0,112.14.103.126(浙江-温州),25~30,浙江-温州市-瑞安市,没遇到过,没遇到过网络波动,安卓手机,小米,米9,9.0,移动,wifi,青铜~白银,不关注,3.0,3.0,3.0,3.0,3.0,3.0,3.0,3.0,3.0,3.0,3.0,3.0,3.0,3.0,3.0,我不在意,不能,约每月一次,45.0
188.0,180.104.162.57(江苏-徐州),30以上,江苏-徐州市-泉山区,遇到过,比较难受,安卓手机,一加,5t,P,移动,wifi,王者,经常看,4.0,4.0,3.0,3.0,3.0,2.0,4.0,3.0,3.0,3.0,3.0,3.0,3.0,3.0,3.0,可以接受,一般,约每周一次,47.0
189.0,14.28.161.148(广东-深圳),25~30,广东-珠海市-香洲区,遇到过,感觉没法玩了,安卓手机,魅族16,th,6.0,电信,4G,大师~传奇,经常看,3.0,3.0,3.0,3.0,3.0,1.0,3.0,3.0,3.0,3.0,1.0,3.0,3.0,3.0,3.0,可以接受,一般,约每周一次,41.0
190.0,117.136.104.58(河南-郑州),25~30,山西-太原市-小店区,遇到过,感觉没法玩了,安卓手机,vivo,x7,，，,移动,wifi,大师~传奇,经常看,4.0,4.0,4.0,4.0,4.0,4.0,4.0,4.0,4.0,4.0,4.0,4.0,4.0,4.0,4.0,我不在意,一般,约每周一次,60.0
191.0,220.170.195.227(湖南-邵阳),30以上,广东-广州市-越秀区,遇到过,感觉没法玩了,安卓平板,华为,AGS-L09,安卓7.0,电信,wifi,黄金~钻石,经常看,3.0,3.0,1.0,3.0,3.0,1.0,2.0,1.0,1.0,1.0,3.0,2.0,1.0,3.0,2.0,我不在意,一般,约每年一次,30.0
192.0,117.154.167.214(湖北-荆州),30以上,湖北-荆州市-荆州区,遇到过,比较难受,安卓手机,vivo,x20,8.1.0,移动,wifi,黄金~钻石,经常看,3.0,3.0,2.0,2.0,4.0,1.0,4.0,2.0,3.0,2.0,1.0,3.0,3.0,4.0,5.0,我不在意,一般,约每周一次,42.0
193.0,112.17.245.115(浙江-杭州),19~24,浙江-金华市-东阳市,没遇到过,没遇到过网络波动,安卓手机,oppo,r11,a,移动,4G,黄金~钻石,经常看,4.0,3.0,3.0,3.0,3.0,4.0,3.0,3.0,3.0,3.0,3.0,4.0,4.0,4.0,3.0,我不在意,能,约每周一次,50.0
194.0,112.9.109.68(山东-青岛),25~30,山东-青岛市-李沧区,遇到过,感觉没法玩了,安卓手机,小米,mix2s,miu10,移动,4G,黄金~钻石,经常看,3.0,3.0,3.0,3.0,3.0,3.0,3.0,4.0,4.0,3.0,4.0,3.0,3.0,3.0,4.0,我不在意,一般,约每周一次,49.0
195.0,220.202.152.76(湖南-长沙),25~30,湖南-长沙市-天心区,遇到过,感觉没法玩了,安卓手机,锤子,R1,安卓8,联通,4G,大师~传奇,经常看,2.0,2.0,1.0,3.0,4.0,4.0,3.0,3.0,3.0,3.0,4.0,3.0,2.0,3.0,4.0,可以接受,一般,每周两次以上,44.0
196.0,27.17.167.197(湖北-武汉),30以上,湖北-武汉市-洪山区,遇到过,感觉没法玩了,安卓手机,华为,mate10pro,最新,其他〖无线网络〗,wifi,大师~传奇,偶尔看一下,4.0,5.0,3.0,4.0,3.0,1.0,3.0,3.0,3.0,3.0,2.0,3.0,4.0,4.0,1.0,我不在意,一般,约每月一次,46.0
197.0,223.73.73.44(广东-珠海),19~24,广东-江门市-蓬江区,遇到过,感觉没法玩了,模拟器,苹果,i6sp,iOS11.0.2,电信,wifi,黄金~钻石,偶尔看一下,4.0,3.0,2.0,3.0,4.0,3.0,3.0,3.0,3.0,3.0,3.0,3.0,3.0,3.0,3.0,可以接受,一般,不参与,46.0
198.0,223.157.29.189(湖南-娄底),30以上,湖南-娄底市-娄星区,遇到过,感觉没法玩了,安卓手机,小米,9.0,MIUI 10.2 稳定版,移动,wifi,王者,经常看,3.0,3.0,1.0,1.0,1.0,1.0,1.0,1.0,1.0,1.0,1.0,1.0,1.0,1.0,1.0,可以接受,能,不参与,19.0
199.0,211.94.246.5(天津-天津),25~30,天津-天津市-西青区,遇到过,感觉没法玩了,安卓手机,华为,mate9,emui8.0.0,联通,4G,黄金~钻石,经常看,3.0,5.0,1.0,4.0,5.0,5.0,3.0,3.0,3.0,4.0,5.0,4.0,4.0,5.0,3.0,可以接受,一般,约每月一次,57.0
200.0,100.120.34.68(国外-保留),25~30,江苏-南京市-溧水区,遇到过,比较难受,安卓手机,华为,mate20,安卓9,联通,4G,黄金~钻石,经常看,3.0,3.0,3.0,3.0,4.0,4.0,4.0,4.0,4.0,3.0,4.0,4.0,3.0,3.0,3.0,可以接受,能,每周两次以上,52.0
201.0,27.17.135.142(湖北-武汉),25~30,湖北-武汉市-江岸区,遇到过,比较难受,安卓手机,小米,9.0,不知道,联通,wifi,黄金~钻石,经常看,3.0,3.0,3.0,2.0,4.0,4.0,3.0,3.0,2.0,2.0,3.0,4.0,4.0,4.0,3.0,可以接受,能,约每年一次,47.0
202.0,116.27.194.114(广东-江门),25~30,广东-江门市-新会区,遇到过,比较难受,安卓手机,小米,小米5s,10.2,电信,wifi,王者,偶尔看一下,3.0,3.0,3.0,3.0,1.0,1.0,3.0,3.0,3.0,3.0,3.0,3.0,3.0,3.0,3.0,可以接受,能,约每周一次,41.0
203.0,114.246.233.21(北京-北京),25~30,北京-北京市-东城区,遇到过,感觉没法玩了,模拟器,模拟器,111.0,111.0,联通,wifi,王者,经常看,4.0,4.0,4.0,5.0,5.0,3.0,3.0,4.0,3.0,3.0,3.0,4.0,4.0,4.0,4.0,我不在意,一般,约每周一次,57.0
204.0,122.137.250.25(吉林-吉林),30以上,吉林-吉林市-龙潭区,没遇到过,没遇到过网络波动,安卓手机,小米,max,miui10,联通,4G,黄金~钻石,经常看,5.0,5.0,5.0,5.0,5.0,5.0,5.0,5.0,5.0,5.0,5.0,5.0,5.0,5.0,5.0,可以接受,能,约每月一次,75.0
205.0,180.130.2.140(云南-昆明),19~24,云南-大理白族自治州-大理市,遇到过,比较难受,安卓手机,vivo,nex,8.0,联通,4G,黄金~钻石,偶尔看一下,3.0,3.0,2.0,2.0,1.0,1.0,4.0,4.0,3.0,3.0,1.0,3.0,1.0,5.0,1.0,我不在意,能,约每周一次,37.0
206.0,39.73.181.237(山东-烟台),30以上,山东-烟台市-龙口市,没遇到过,感觉没法玩了,安卓手机,华为,荣耀10,安卓9.0,电信,wifi,王者,偶尔看一下,3.0,4.0,4.0,3.0,3.0,4.0,4.0,4.0,3.0,3.0,4.0,4.0,4.0,4.0,3.0,可以接受,一般,约每年一次,54.0
207.0,111.49.32.167(宁夏-银川),30以上,宁夏-银川市-兴庆区,遇到过,没遇到过网络波动,安卓手机,荣耀,note10,9.0,移动,wifi,青铜~白银,偶尔看一下,3.0,3.0,3.0,3.0,3.0,3.0,3.0,3.0,3.0,3.0,3.0,3.0,3.0,3.0,3.0,不能接受,一般,约每年一次,45.0
208.0,117.154.167.214(湖北-荆州),30以上,湖北-荆州市-荆州区,没遇到过,感觉没法玩了,安卓手机,vivo,x9s,8.1,移动,wifi,大师~传奇,偶尔看一下,3.0,3.0,3.0,3.0,3.0,3.0,2.0,2.0,2.0,2.0,2.0,2.0,2.0,2.0,3.0,可以接受,不能,每周两次以上,37.0
209.0,223.104.176.212(辽宁-大连),19~24,辽宁-大连市-旅顺口区,遇到过,比较难受,安卓手机,华为,荣耀8X,Android8.1,移动,4G,黄金~钻石,经常看,4.0,5.0,5.0,4.0,3.0,3.0,4.0,4.0,4.0,4.0,3.0,3.0,3.0,4.0,4.0,可以接受,一般,每周两次以上,57.0
210.0,115.202.237.163(浙江-台州),30以上,浙江-台州市-椒江区,没遇到过,没遇到过网络波动,安卓手机,huawei,mt20,8.2,移动,wifi,大师~传奇,经常看,5.0,5.0,5.0,5.0,3.0,3.0,1.0,1.0,2.0,3.0,2.0,2.0,2.0,2.0,2.0,我不在意,能,不参与,43.0
211.0,117.92.59.224(江苏-连云港),30以上,江苏-连云港市-连云区,遇到过,还能接受,安卓手机,华为,畅玩6X,BLN-AL10 8.0.0.532,电信,4G,青铜~白银,不关注,3.0,4.0,3.0,3.0,3.0,3.0,3.0,3.0,3.0,3.0,3.0,3.0,3.0,3.0,3.0,可以接受,一般,不参与,46.0
212.0,123.147.248.95(重庆-重庆),19~24,重庆-重庆市-渝中区,遇到过,比较难受,安卓手机,魅族,16th,安卓最高版本,联通,4G,黄金~钻石,偶尔看一下,3.0,3.0,3.0,5.0,5.0,4.0,3.0,3.0,4.0,4.0,4.0,4.0,2.0,5.0,3.0,我不在意,一般,约每周一次,55.0
213.0,45.115.218.67(湖北-武汉),30以上,福建-厦门市-思明区,遇到过,感觉没法玩了,安卓手机,华为荣耀,V20,安卓9,移动,4G,黄金~钻石,偶尔看一下,2.0,2.0,2.0,2.0,4.0,4.0,3.0,2.0,2.0,2.0,3.0,3.0,3.0,3.0,3.0,可以接受,一般,约每年一次,40.0
214.0,100.120.34.19(国外-保留),30以上,福建-漳州市-平和县,遇到过,感觉没法玩了,安卓手机,小米,米8,最新,电信,wifi,黄金~钻石,偶尔看一下,3.0,3.0,3.0,3.0,3.0,3.0,3.0,3.0,3.0,3.0,3.0,3.0,3.0,5.0,3.0,不能接受,一般,约每周一次,47.0
215.0,115.63.130.219(河南-洛阳),30以上,河南-洛阳市-洛龙区,没遇到过,还能接受,安卓手机,荣耀,V10,安卓9.0,联通,wifi,黄金~钻石,偶尔看一下,4.0,4.0,4.0,4.0,4.0,4.0,3.0,3.0,3.0,3.0,3.0,3.0,4.0,4.0,3.0,可以接受,能,约每月一次,53.0
216.0,221.198.184.32(天津-天津),30以上,天津-天津市-红桥区,遇到过,无明显感觉,安卓手机,oppo,R9splus,7.1,联通,wifi,王者,偶尔看一下,5.0,5.0,5.0,5.0,4.0,3.0,5.0,4.0,4.0,4.0,3.0,4.0,3.0,3.0,3.0,我不在意,一般,不参与,60.0
217.0,171.43.219.252(湖北-武汉),30以上,湖北-武汉市-硚口区,没遇到过,没遇到过网络波动,安卓手机,小米,mix2s,8.0,电信,wifi,王者,经常看,2.0,3.0,2.0,3.0,4.0,4.0,3.0,3.0,3.0,3.0,3.0,3.0,3.0,4.0,2.0,可以接受,能,约每周一次,45.0
218.0,223.104.1.145(广东-东莞),19~24,广东-东莞市-塘厦镇,遇到过,感觉没法玩了,安卓手机,OPPO,r15x,8.1.0,移动,4G,大师~传奇,经常看,4.0,4.0,4.0,4.0,4.0,4.0,4.0,4.0,5.0,5.0,4.0,4.0,4.0,4.0,4.0,可以接受,能,每周两次以上,62.0
219.0,183.253.129.73(福建-泉州),25~30,福建-泉州市-晋江市,没遇到过,还能接受,安卓手机,荣耀10,10.0,9.0,移动,wifi,王者,经常看,3.0,3.0,3.0,4.0,5.0,3.0,3.0,3.0,3.0,3.0,3.0,3.0,3.0,4.0,3.0,可以接受,一般,约每周一次,49.0
220.0,117.136.86.226(陕西-西安),25~30,陕西-汉中市-汉台区,没遇到过,没遇到过网络波动,安卓手机,华为,荣耀,v20,移动,4G,黄金~钻石,偶尔看一下,3.0,3.0,2.0,4.0,3.0,3.0,4.0,4.0,3.0,3.0,4.0,2.0,2.0,2.0,1.0,可以接受,能,每周两次以上,43.0
221.0,110.152.127.233(新疆-乌鲁木齐),30以上,新疆-乌鲁木齐市-水磨沟区,遇到过,还能接受,安卓手机,VIVO,x9,PD1624,联通,wifi,黄金~钻石,经常看,3.0,4.0,2.0,3.0,4.0,1.0,3.0,4.0,2.0,3.0,3.0,3.0,3.0,3.0,4.0,可以接受,不能,约每周一次,45.0
222.0,223.104.96.48(贵州-贵阳),19~24,贵州-贵阳市-花溪区,遇到过,比较难受,安卓手机,一加,6t,安卓9.0,移动,4G,黄金~钻石,经常看,4.0,3.0,3.0,3.0,3.0,2.0,4.0,4.0,4.0,3.0,3.0,3.0,3.0,4.0,3.0,可以接受,一般,每周两次以上,49.0
223.0,221.207.156.30(黑龙江-哈尔滨),25~30,黑龙江-哈尔滨市-南岗区,遇到过,比较难受,安卓手机,小米,mix2,miui10.2,电信,wifi,黄金~钻石,经常看,3.0,3.0,2.0,3.0,5.0,5.0,3.0,3.0,3.0,3.0,4.0,3.0,3.0,5.0,3.0,我不在意,能,约每月一次,51.0
224.0,117.136.41.76(广东-广州),25~30,广东-广州市-天河区,没遇到过,感觉没法玩了,安卓手机,oppo,Find X,6.0,移动,4G,黄金~钻石,偶尔看一下,4.0,3.0,4.0,3.0,2.0,3.0,3.0,3.0,3.0,2.0,3.0,4.0,4.0,4.0,3.0,我不在意,一般,不参与,48.0
225.0,180.171.197.96(上海-上海),30以上,上海-上海市-长宁区,遇到过,比较难受,模拟器,1.0,1.0,1.0,电信,wifi,王者,经常看,4.0,4.0,4.0,4.0,4.0,1.0,4.0,4.0,4.0,4.0,1.0,1.0,4.0,4.0,1.0,我不在意,一般,每周两次以上,48.0
226.0,115.60.24.69(河南-郑州),30以上,河南-郑州市-高新开发区,遇到过,感觉没法玩了,安卓手机,一加,一加六,安卓8.0,其他〖移动，电信〗,wifi,黄金~钻石,偶尔看一下,3.0,3.0,3.0,3.0,4.0,3.0,4.0,2.0,3.0,3.0,2.0,2.0,2.0,3.0,1.0,我不在意,一般,不参与,41.0
227.0,115.204.78.15(浙江-杭州),30以上,浙江-杭州市-拱墅区,没遇到过,感觉没法玩了,安卓手机,华为,p20,9.0,移动,wifi,黄金~钻石,偶尔看一下,4.0,4.0,4.0,4.0,4.0,4.0,5.0,4.0,4.0,4.0,4.0,5.0,4.0,5.0,5.0,我不在意,能,约每月一次,64.0
228.0,223.104.247.157(浙江-杭州),25~30,浙江-温州市-鹿城区,遇到过,比较难受,安卓手机,小米,小米8,安卓,移动,4G,青铜~白银,偶尔看一下,5.0,3.0,4.0,4.0,4.0,4.0,4.0,4.0,4.0,4.0,4.0,4.0,4.0,4.0,4.0,我不在意,一般,每周两次以上,60.0
229.0,220.173.179.69(广西-柳州),30以上,广西-柳州市-鱼峰区,没遇到过,没遇到过网络波动,安卓手机,华为,Mate20pro,9.0,移动,wifi,王者,偶尔看一下,4.0,4.0,4.0,5.0,3.0,3.0,3.0,3.0,3.0,4.0,3.0,4.0,3.0,4.0,3.0,我不在意,一般,不参与,53.0
230.0,27.155.236.247(福建-福州),30以上,福建-福州市-晋安区,遇到过,感觉没法玩了,安卓手机,黑鲨,一代,安卓,电信,wifi,黄金~钻石,经常看,4.0,4.0,3.0,3.0,1.0,2.0,4.0,3.0,3.0,2.0,2.0,3.0,3.0,3.0,2.0,我不在意,一般,每周两次以上,42.0
231.0,175.167.144.27(辽宁-沈阳),30以上,辽宁-鞍山市-立山区,遇到过,比较难受,安卓手机,华为,荣耀pyle,9.0,联通,4G,大师~传奇,经常看,3.0,3.0,3.0,3.0,3.0,3.0,3.0,3.0,3.0,3.0,3.0,3.0,3.0,4.0,3.0,我不在意,一般,约每周一次,46.0
232.0,113.222.180.181(湖南-株洲),30以上,湖南-株洲市-荷塘区,遇到过,感觉没法玩了,安卓手机,华为,magic2,安卓9.0,联通,wifi,王者,偶尔看一下,4.0,4.0,3.0,3.0,4.0,3.0,3.0,3.0,3.0,3.0,3.0,3.0,3.0,3.0,3.0,我不在意,一般,不参与,48.0
233.0,27.157.142.14(福建-三明),25~30,浙江-杭州市-西湖区,遇到过,比较难受,安卓手机,vivo,NEX,vivo rev 1.23.5,移动,wifi,黄金~钻石,经常看,4.0,4.0,3.0,3.0,3.0,2.0,2.0,4.0,4.0,3.0,3.0,4.0,2.0,3.0,2.0,可以接受,一般,每周两次以上,46.0
234.0,113.57.246.157(湖北-武汉),25~30,湖北-武汉市-洪山区,没遇到过,比较难受,安卓手机,三星,s8+,8.0.0,移动,4G,青铜~白银,经常看,4.0,5.0,5.0,5.0,3.0,2.0,5.0,4.0,4.0,4.0,5.0,4.0,4.0,4.0,1.0,可以接受,能,约每月一次,59.0
235.0,110.87.195.150(福建-南平),30以上,福建-南平市-延平区,遇到过,比较难受,安卓手机,vivo,x7,3.12.2,电信,wifi,王者,经常看,3.0,3.0,3.0,3.0,4.0,4.0,4.0,4.0,4.0,4.0,4.0,4.0,4.0,4.0,4.0,可以接受,能,约每周一次,56.0
236.0,182.133.155.41(四川-宜宾),30以上,四川-宜宾市-翠屏区,遇到过,比较难受,安卓手机,一加,一加三,安卓6.0,电信,wifi,王者,经常看,3.0,3.0,3.0,4.0,3.0,3.0,4.0,1.0,2.0,2.0,3.0,4.0,4.0,4.0,2.0,可以接受,能,约每周一次,45.0
237.0,221.199.157.4(内蒙古-赤峰),25~30,内蒙古-赤峰市-红山区,没遇到过,感觉没法玩了,安卓手机,vivo,y79,1.23.25,联通,wifi,黄金~钻石,经常看,4.0,5.0,5.0,3.0,5.0,2.0,5.0,5.0,5.0,5.0,4.0,5.0,5.0,5.0,4.0,我不在意,能,约每周一次,67.0
238.0,223.81.192.39(山东-青岛),19~24,山东-青岛市-李沧区,没遇到过,比较难受,安卓手机,华为,Nova3,8.1,联通,wifi,黄金~钻石,偶尔看一下,5.0,5.0,5.0,5.0,5.0,5.0,5.0,5.0,4.0,3.0,3.0,4.0,2.0,5.0,4.0,可以接受,一般,不参与,65.0
239.0,60.220.133.211(山西-长治),25~30,山西-长治市-沁源县,没遇到过,还能接受,安卓手机,小米,mix2s,安卓9,联通,wifi,王者,偶尔看一下,3.0,3.0,4.0,3.0,2.0,3.0,2.0,2.0,4.0,3.0,2.0,4.0,4.0,4.0,1.0,可以接受,能,每周两次以上,44.0
240.0,171.82.166.79(湖北-武汉),25~30,湖北-武汉市-洪山区,遇到过,比较难受,安卓手机,华为,nova3,安卓8.0,电信,4G,王者,经常看,2.0,2.0,3.0,2.0,4.0,3.0,2.0,4.0,3.0,3.0,3.0,4.0,3.0,3.0,2.0,可以接受,一般,约每月一次,43.0
241.0,112.43.204.116(新疆-克拉玛依),25~30,新疆-克拉玛依市-克拉玛依区,没遇到过,感觉没法玩了,安卓手机,锤子,pro2s,安卓p,联通,4G,黄金~钻石,经常看,4.0,4.0,4.0,4.0,5.0,3.0,4.0,4.0,4.0,4.0,4.0,4.0,4.0,4.0,3.0,可以接受,能,约每月一次,59.0
242.0,175.12.240.65(湖南-益阳),30以上,湖南-益阳市-赫山区,遇到过,比较难受,安卓手机,华为,荣耀8,5.0.1,电信,wifi,黄金~钻石,偶尔看一下,3.0,3.0,2.0,3.0,3.0,2.0,3.0,3.0,3.0,3.0,2.0,3.0,3.0,3.0,3.0,可以接受,一般,不参与,42.0
243.0,59.58.3.224(福建-宁德),25~30,福建-福州市-鼓楼区,遇到过,还能接受,凤凰系统,华为,pro,10.0,电信,wifi,王者,经常看,3.0,3.0,3.0,3.0,3.0,3.0,3.0,3.0,3.0,3.0,3.0,3.0,3.0,3.0,3.0,可以接受,能,每周两次以上,45.0
244.0,223.104.105.78(河南-郑州),30以上,河南-郑州市-二七区,遇到过,比较难受,安卓手机,小米,mix3,10.2,移动,4G,黄金~钻石,经常看,3.0,3.0,3.0,5.0,5.0,5.0,3.0,3.0,3.0,3.0,5.0,5.0,3.0,5.0,4.0,可以接受,能,约每月一次,58.0
245.0,111.47.22.31(湖北-武汉),30以上,湖北-武汉市-汉阳区,遇到过,比较难受,安卓手机,华为,m20,56.0,移动,4G,大师~传奇,偶尔看一下,4.0,4.0,4.0,4.0,4.0,4.0,4.0,4.0,4.0,4.0,4.0,4.0,4.0,4.0,4.0,我不在意,一般,每周两次以上,60.0
246.0,218.27.70.91(吉林-长春),25~30,吉林-长春市-高新技术产业开发区,遇到过,感觉没法玩了,安卓手机,荣耀,V10,安卓9,移动,4G,大师~传奇,经常看,4.0,3.0,2.0,4.0,5.0,5.0,5.0,1.0,3.0,3.0,3.0,3.0,3.0,5.0,2.0,不能接受,能,约每周一次,51.0
247.0,117.136.0.250(北京-北京),25~30,山西-晋城市-陵川县,遇到过,比较难受,安卓手机,努比亚,红魔,redmagic os v1.0,移动,4G,王者,经常看,2.0,2.0,2.0,5.0,4.0,3.0,3.0,3.0,3.0,3.0,3.0,3.0,3.0,3.0,2.0,我不在意,一般,每周两次以上,44.0
248.0,117.136.38.158(河南-郑州),30以上,北京-北京市-海淀区,遇到过,感觉没法玩了,安卓手机,HUAWEI,mate10,8.0,移动,4G,大师~传奇,经常看,3.0,3.0,4.0,4.0,5.0,5.0,3.0,1.0,3.0,3.0,4.0,5.0,4.0,4.0,3.0,可以接受,一般,约每周一次,54.0
249.0,115.171.112.133(北京-北京),30以上,北京-北京市-海淀区,遇到过,还能接受,安卓手机,红米,红米note 7 pro,9.0,移动,wifi,王者,经常看,4.0,3.0,3.0,4.0,2.0,2.0,3.0,1.0,2.0,2.0,3.0,4.0,4.0,1.0,2.0,我不在意,一般,约每月一次,40.0
250.0,175.161.171.131(辽宁-沈阳),30以上,辽宁-沈阳市-沈北新区,遇到过,还能接受,安卓手机,小米,mix2s,miu10,电信,4G,王者,偶尔看一下,3.0,3.0,3.0,2.0,4.0,3.0,4.0,4.0,3.0,3.0,4.0,3.0,4.0,4.0,4.0,可以接受,能,约每月一次,51.0
251.0,100.120.34.78(国外-保留),30以上,山东-烟台市-福山区,没遇到过,感觉没法玩了,模拟器,一加,一加六,安卓7.1,移动,4G,王者,经常看,3.0,3.0,3.0,3.0,5.0,3.0,3.0,3.0,3.0,3.0,3.0,3.0,3.0,3.0,3.0,我不在意,能,约每周一次,47.0
252.0,113.139.194.209(陕西-西安),19~24,陕西-西安市-高新区,没遇到过,比较难受,安卓手机,华为,1.0,1.0,其他〖wifi〗,wifi,王者,偶尔看一下,4.0,3.0,3.0,4.0,4.0,3.0,4.0,4.0,4.0,4.0,3.0,3.0,4.0,4.0,4.0,可以接受,能,约每周一次,55.0
253.0,106.121.76.187(北京-北京),30以上,北京-北京市-海淀区,没遇到过,没遇到过网络波动,安卓手机,华为,P9,8.0,电信,4G,黄金~钻石,偶尔看一下,4.0,4.0,4.0,4.0,4.0,3.0,3.0,3.0,4.0,3.0,4.0,4.0,3.0,4.0,3.0,我不在意,一般,约每月一次,54.0
254.0,114.236.211.205(江苏-盐城),30以上,江苏-盐城市-亭湖区,没遇到过,没遇到过网络波动,模拟器,网易mumu,1111.0,1111.0,电信,wifi,大师~传奇,经常看,3.0,4.0,4.0,3.0,4.0,1.0,5.0,5.0,3.0,3.0,5.0,5.0,5.0,5.0,5.0,我不在意,一般,不参与,60.0
255.0,112.9.219.105(山东-临沂),30以上,山东-临沂市-兰陵县,没遇到过,没遇到过网络波动,安卓手机,vivo,xplay6,6.5,移动,4G,王者,经常看,3.0,3.0,3.0,3.0,3.0,2.0,5.0,4.0,3.0,3.0,4.0,5.0,5.0,5.0,4.0,可以接受,能,约每周一次,55.0
256.0,117.136.89.71(湖南-长沙),25~30,湖南-长沙市-长沙县,遇到过,感觉没法玩了,安卓手机,vivo,x23,8.1.0,移动,wifi,王者,经常看,2.0,3.0,2.0,3.0,3.0,2.0,4.0,3.0,2.0,2.0,5.0,3.0,3.0,3.0,2.0,我不在意,能,每周两次以上,42.0
257.0,112.64.68.120(上海-上海),30以上,上海-上海市-浦东新区,没遇到过,无明显感觉,安卓手机,小米,小米8,MIUI10.2,联通,4G,黄金~钻石,偶尔看一下,3.0,3.0,3.0,4.0,3.0,3.0,4.0,3.0,3.0,4.0,2.0,3.0,4.0,3.0,2.0,可以接受,能,约每月一次,47.0
258.0,58.246.221.75(上海-上海),30以上,江苏-南京市-浦口区,遇到过,无明显感觉,安卓手机,一加,6.0,安桌,联通,4G,黄金~钻石,经常看,3.0,4.0,3.0,4.0,3.0,3.0,3.0,3.0,3.0,3.0,3.0,3.0,2.0,4.0,3.0,可以接受,一般,约每周一次,47.0
259.0,222.140.23.138(河南-许昌),30以上,河南-许昌市-魏都区,没遇到过,比较难受,模拟器,电脑,清华同方,win10,联通,wifi,黄金~钻石,经常看,4.0,4.0,3.0,2.0,3.0,3.0,5.0,4.0,4.0,4.0,2.0,3.0,4.0,4.0,4.0,可以接受,能,约每周一次,53.0
260.0,14.25.0.248(广东-广州),25~30,广东-清远市-清城区,没遇到过,无明显感觉,安卓手机,小米,小米mix2,MIUI10.2,电信,4G,黄金~钻石,偶尔看一下,5.0,3.0,4.0,3.0,4.0,3.0,5.0,4.0,4.0,4.0,3.0,4.0,4.0,3.0,1.0,可以接受,一般,约每月一次,54.0
261.0,14.27.6.72(广东-广州),30以上,广东-广州市-黄埔区,遇到过,感觉没法玩了,安卓手机,华为,mate10 pro,9.0,电信,wifi,黄金~钻石,偶尔看一下,4.0,3.0,3.0,5.0,5.0,4.0,3.0,4.0,3.0,4.0,4.0,4.0,4.0,4.0,4.0,我不在意,能,约每周一次,58.0
262.0,223.104.3.140(北京-北京),30以上,北京-北京市-朝阳区,没遇到过,没遇到过网络波动,安卓手机,华为,mate20pro,9.0,移动,4G,黄金~钻石,偶尔看一下,3.0,4.0,3.0,4.0,4.0,2.0,5.0,2.0,2.0,3.0,3.0,5.0,4.0,4.0,4.0,可以接受,一般,不参与,52.0
263.0,36.61.156.40(安徽-合肥),19~24,安徽-合肥市-蜀山区,遇到过,比较难受,凤凰系统,华为,mate20,9.00,联通,4G,王者,经常看,3.0,2.0,1.0,2.0,3.0,1.0,3.0,3.0,2.0,2.0,3.0,3.0,2.0,5.0,2.0,可以接受,能,不参与,37.0
264.0,221.13.1.132(贵州-贵阳),30以上,贵州-贵阳市-南明区,遇到过,比较难受,安卓手机,努比亚,z17,7.1.1,联通,4G,黄金~钻石,偶尔看一下,4.0,4.0,2.0,3.0,5.0,1.0,5.0,5.0,2.0,3.0,3.0,4.0,4.0,4.0,2.0,可以接受,能,不参与,51.0
265.0,222.175.11.23(山东-聊城),25~30,山东-聊城市-东昌府区,没遇到过,感觉没法玩了,安卓手机,三星,S8+,8.0,移动,wifi,黄金~钻石,经常看,3.0,3.0,2.0,4.0,4.0,4.0,4.0,4.0,4.0,4.0,2.0,3.0,4.0,4.0,3.0,可以接受,能,约每月一次,52.0
266.0,223.104.106.71(河南-新乡),25~30,河南-许昌市-魏都区,遇到过,还能接受,安卓手机,华为,mate20,9.0,移动,wifi,黄金~钻石,经常看,3.0,2.0,3.0,3.0,3.0,3.0,2.0,3.0,3.0,3.0,3.0,3.0,3.0,4.0,5.0,可以接受,能,约每周一次,46.0
267.0,223.104.7.101(天津-天津),30以上,天津-天津市-和平区,没遇到过,无明显感觉,安卓手机,华为,荣耀9,不知,移动,4G,黄金~钻石,偶尔看一下,3.0,3.0,3.0,3.0,5.0,3.0,4.0,4.0,3.0,3.0,3.0,4.0,4.0,2.0,4.0,可以接受,不能,不参与,51.0
268.0,117.132.195.14(浙江-杭州),19~24,天津-天津市-武清区,遇到过,感觉没法玩了,安卓手机,小米,小米8,MIUI10.2,移动,4G,黄金~钻石,经常看,4.0,4.0,4.0,5.0,5.0,3.0,3.0,3.0,4.0,3.0,4.0,4.0,3.0,5.0,1.0,可以接受,一般,每周两次以上,55.0
269.0,182.203.217.99(辽宁-辽阳),30以上,辽宁-辽阳市-弓长岭区,遇到过,感觉没法玩了,安卓手机,vivo,x27,安卓最新,移动,wifi,大师~传奇,偶尔看一下,4.0,4.0,4.0,3.0,5.0,3.0,5.0,5.0,4.0,4.0,4.0,5.0,3.0,5.0,5.0,可以接受,能,约每周一次,63.0
270.0,171.104.171.68(广西-百色),25~30,广西-百色市-田东县,遇到过,比较难受,安卓手机,华为,P20,最新,移动,wifi,青铜~白银,经常看,4.0,5.0,3.0,4.0,4.0,1.0,3.0,4.0,3.0,4.0,3.0,4.0,4.0,3.0,4.0,可以接受,能,约每月一次,53.0
271.0,106.47.224.188(天津-天津),30以上,天津-天津市-河北区,遇到过,比较难受,安卓手机,小米,mix2s,miui10,电信,4G,大师~传奇,经常看,3.0,3.0,3.0,4.0,3.0,4.0,3.0,2.0,3.0,3.0,3.0,3.0,2.0,4.0,2.0,可以接受,能,约每年一次,45.0
272.0,106.127.78.229(广西-南宁),25~30,上海-上海市-黄浦区,遇到过,感觉没法玩了,安卓手机,vivo,iqoo,funtouch os,电信,4G,青铜~白银,经常看,4.0,3.0,3.0,4.0,2.0,2.0,4.0,3.0,3.0,3.0,3.0,2.0,2.0,2.0,1.0,可以接受,能,约每周一次,41.0
273.0,100.120.34.49(国外-保留),25~30,河北-石家庄市-藁城区,遇到过,比较难受,安卓手机,vivo,nex,8.0,联通,4G,王者,经常看,3.0,3.0,3.0,3.0,5.0,4.0,3.0,3.0,2.0,2.0,4.0,3.0,2.0,2.0,1.0,我不在意,能,不参与,43.0
274.0,140.243.53.214(福建-厦门),30以上,福建-宁德市-蕉城区,没遇到过,感觉没法玩了,安卓手机,vivo,x7plus,5.1.1,其他〖电信，移动〗,wifi,黄金~钻石,偶尔看一下,4.0,4.0,4.0,4.0,4.0,4.0,5.0,4.0,5.0,4.0,4.0,4.0,4.0,4.0,4.0,可以接受,能,不参与,62.0
275.0,36.48.26.139(吉林-长春),30以上,吉林-长春市-二道区,遇到过,感觉没法玩了,安卓手机,小米,9.0,miui10,联通,wifi,大师~传奇,经常看,3.0,3.0,2.0,3.0,2.0,4.0,4.0,2.0,3.0,2.0,2.0,4.0,3.0,2.0,2.0,我不在意,一般,约每周一次,41.0
276.0,124.67.237.111(内蒙古-赤峰),30以上,内蒙古-赤峰市-松山区,遇到过,比较难受,安卓手机,华为,mate10PRO,安卓9.0,联通,wifi,大师~传奇,经常看,4.0,4.0,3.0,3.0,5.0,5.0,5.0,4.0,4.0,4.0,4.0,4.0,4.0,4.0,5.0,可以接受,能,约每周一次,62.0
277.0,122.194.3.139(江苏-南京),25~30,江苏-苏州市-吴中区,遇到过,感觉没法玩了,安卓手机,魅族,M15,6.2,联通,4G,黄金~钻石,经常看,3.0,2.0,2.0,1.0,2.0,1.0,5.0,1.0,3.0,3.0,3.0,3.0,3.0,3.0,2.0,可以接受,一般,约每月一次,37.0
278.0,61.158.152.196(河南-郑州),30以上,河南-新乡市-红旗区,遇到过,感觉没法玩了,安卓手机,小米,小米9,不知道,联通,wifi,黄金~钻石,偶尔看一下,1.0,1.0,1.0,4.0,4.0,3.0,2.0,3.0,2.0,3.0,3.0,3.0,3.0,3.0,3.0,我不在意,一般,约每年一次,39.0
279.0,223.104.177.122(辽宁-沈阳),25~30,辽宁-大连市-瓦房店市,遇到过,感觉没法玩了,安卓手机,vivo,nex,最新,移动,4G,大师~传奇,经常看,5.0,5.0,5.0,5.0,5.0,3.0,5.0,5.0,5.0,5.0,5.0,5.0,5.0,5.0,3.0,我不在意,能,每周两次以上,71.0
280.0,117.136.38.148(河南-郑州),25~30,北京-北京市-西城区,遇到过,比较难受,安卓手机,vivo,vivo rev 7.16.10,vivo rev 7.16.10,联通,wifi,大师~传奇,经常看,4.0,4.0,4.0,4.0,4.0,4.0,4.0,3.0,4.0,4.0,4.0,4.0,4.0,4.0,3.0,可以接受,一般,约每月一次,58.0
281.0,223.104.13.181(河北-石家庄),30以上,河北-石家庄市-桥西区,没遇到过,还能接受,安卓手机,华为,荣耀8xmax,8.2.0,移动,4G,青铜~白银,不关注,5.0,5.0,2.0,5.0,3.0,3.0,5.0,5.0,4.0,5.0,3.0,5.0,5.0,5.0,1.0,我不在意,一般,约每月一次,61.0
282.0,223.104.15.4(内蒙古-呼和浩特),30以上,内蒙古-呼和浩特市-玉泉区,没遇到过,比较难受,安卓手机,荣耀,9.0,EMUI8.0,移动,4G,黄金~钻石,偶尔看一下,3.0,4.0,3.0,3.0,4.0,4.0,5.0,3.0,4.0,3.0,4.0,2.0,3.0,3.0,4.0,可以接受,能,不参与,52.0
283.0,117.136.67.209(江苏-苏州),30以上,江苏-苏州市-常熟市,没遇到过,还能接受,安卓手机,步步高,iQOO,855.0,移动,wifi,黄金~钻石,经常看,1.0,1.0,1.0,1.0,5.0,1.0,1.0,1.0,1.0,1.0,1.0,1.0,1.0,1.0,1.0,可以接受,能,不参与,19.0
284.0,117.136.7.107(黑龙江-哈尔滨),25~30,黑龙江-哈尔滨市-道里区,遇到过,比较难受,安卓手机,华为,荣耀note10,9.0,移动,4G,青铜~白银,偶尔看一下,3.0,3.0,2.0,3.0,2.0,2.0,3.0,3.0,2.0,2.0,3.0,2.0,1.0,2.0,2.0,我不在意,一般,每周两次以上,35.0
285.0,117.136.45.159(江苏-南京),25~30,江苏-南京市-鼓楼区,遇到过,比较难受,安卓手机,魅族,Pro5,flyme 7,移动,4G,黄金~钻石,偶尔看一下,4.0,4.0,3.0,3.0,4.0,4.0,3.0,3.0,3.0,3.0,3.0,3.0,3.0,3.0,3.0,可以接受,一般,约每月一次,49.0
286.0,218.26.55.163(山西-太原),30以上,山西-运城市-河津市,没遇到过,还能接受,安卓手机,小米,小米6,安卓,联通,4G,黄金~钻石,经常看,3.0,3.0,3.0,3.0,3.0,3.0,3.0,1.0,2.0,3.0,3.0,3.0,3.0,3.0,3.0,我不在意,一般,约每月一次,42.0
287.0,113.120.50.211(山东-济南),30以上,山东-济南市-市中区,没遇到过,感觉没法玩了,安卓手机,OPPO,r11,忘了,电信,wifi,黄金~钻石,经常看,1.0,1.0,1.0,3.0,3.0,3.0,1.0,2.0,1.0,1.0,3.0,1.0,1.0,3.0,3.0,我不在意,能,约每周一次,28.0
288.0,61.178.233.92(甘肃-兰州),25~30,甘肃-兰州市-安宁区,遇到过,感觉没法玩了,模拟器,一加,6t,9.0,电信,wifi,王者,经常看,2.0,2.0,2.0,4.0,4.0,4.0,2.0,2.0,2.0,2.0,3.0,4.0,3.0,4.0,5.0,可以接受,能,约每年一次,45.0
289.0,1.204.242.196(贵州-贵阳),25~30,贵州-贵阳市-乌当区,遇到过,比较难受,其他〖安卓手机和模拟器都用〗,一加,6t,安卓9.0,联通,wifi,王者,经常看,4.0,4.0,4.0,4.0,4.0,2.0,3.0,3.0,3.0,3.0,4.0,4.0,4.0,2.0,3.0,可以接受,一般,约每周一次,51.0
290.0,171.44.125.182(湖北-十堰),25~30,湖北-十堰市-张湾区,没遇到过,比较难受,模拟器,模拟器,模拟器,模拟器,移动,4G,黄金~钻石,偶尔看一下,3.0,3.0,2.0,4.0,5.0,5.0,3.0,3.0,3.0,4.0,2.0,4.0,3.0,4.0,4.0,我不在意,能,约每月一次,52.0
291.0,222.73.192.52(上海-上海),30以上,上海-上海市-普陀区,遇到过,比较难受,安卓手机,OPPO,r15,5.0.5,其他〖WiFi〗,wifi,黄金~钻石,偶尔看一下,3.0,3.0,3.0,4.0,3.0,1.0,3.0,2.0,3.0,3.0,1.0,3.0,3.0,3.0,3.0,不能接受,能,约每月一次,41.0
292.0,171.13.212.187(河南-安阳),30以上,河南-安阳市-北关区,没遇到过,没遇到过网络波动,安卓手机,荣耀,v10,9.0,联通,4G,王者,经常看,4.0,4.0,3.0,3.0,4.0,4.0,3.0,3.0,3.0,3.0,4.0,3.0,3.0,3.0,4.0,可以接受,能,约每月一次,51.0
293.0,120.230.162.39(广东-江门),25~30,广东-江门市-恩平市,没遇到过,还能接受,安卓手机,小米,mi8,9.0,移动,wifi,黄金~钻石,不关注,4.0,3.0,4.0,4.0,4.0,4.0,2.0,2.0,4.0,4.0,4.0,4.0,3.0,4.0,3.0,可以接受,能,约每周一次,53.0
294.0,220.249.163.20(福建-福州),30以上,福建-福州市-鼓楼区,没遇到过,感觉没法玩了,安卓手机,vivo,nex,安卓8.0,联通,4G,黄金~钻石,经常看,3.0,3.0,3.0,4.0,4.0,4.0,4.0,5.0,3.0,3.0,4.0,3.0,3.0,3.0,2.0,可以接受,一般,约每周一次,51.0
295.0,58.42.160.87(贵州-毕节),19~24,贵州-毕节市-七星关区,遇到过,比较难受,安卓手机,vivo,x7,安卓7，1,移动,wifi,黄金~钻石,偶尔看一下,3.0,3.0,3.0,2.0,4.0,3.0,3.0,3.0,3.0,3.0,4.0,3.0,3.0,4.0,5.0,我不在意,能,不参与,49.0
296.0,119.164.105.239(山东-济南),25~30,山东-济南市-天桥区,没遇到过,比较难受,安卓手机,华为,mete10pro,9.0.0.182,联通,4G,黄金~钻石,偶尔看一下,1.0,2.0,3.0,1.0,5.0,5.0,4.0,3.0,3.0,3.0,4.0,3.0,4.0,4.0,3.0,可以接受,能,约每年一次,48.0
297.0,183.192.227.108(上海-上海),30以上,上海-上海市-黄浦区,遇到过,比较难受,安卓手机,华为,p20,9.0,移动,wifi,黄金~钻石,偶尔看一下,3.0,2.0,2.0,3.0,2.0,2.0,4.0,2.0,3.0,2.0,3.0,4.0,2.0,3.0,1.0,可以接受,一般,约每月一次,38.0
298.0,223.96.69.196(山东-淄博),30以上,山东-淄博市-高新区,遇到过,还能接受,安卓手机,oppo,r11,不知道,移动,wifi,黄金~钻石,偶尔看一下,4.0,4.0,3.0,3.0,4.0,2.0,4.0,2.0,4.0,4.0,2.0,2.0,4.0,3.0,4.0,我不在意,能,不参与,49.0
299.0,221.7.8.92(新疆-乌鲁木齐),25~30,新疆-乌鲁木齐市-天山区,遇到过,比较难受,安卓手机,小米,mix2,10.3,联通,4G,黄金~钻石,偶尔看一下,3.0,3.0,3.0,3.0,3.0,3.0,3.0,3.0,3.0,3.0,3.0,3.0,3.0,3.0,3.0,我不在意,一般,约每月一次,45.0
300.0,183.20.191.235(广东-阳江),25~30,湖北-襄阳市-老河口市,遇到过,感觉没法玩了,安卓手机,小米,note3,8.1,电信,wifi,黄金~钻石,偶尔看一下,2.0,2.0,2.0,3.0,2.0,1.0,1.0,1.0,2.0,2.0,2.0,2.0,2.0,2.0,1.0,不能接受,一般,不参与,27.0
301.0,117.136.81.14(湖北-武汉),30以上,湖北-宜昌市-伍家岗区,没遇到过,没遇到过网络波动,安卓手机,华为,mate20pro,9.1,移动,4G,黄金~钻石,经常看,4.0,4.0,3.0,4.0,4.0,3.0,3.0,4.0,3.0,3.0,4.0,4.0,3.0,4.0,3.0,我不在意,能,约每月一次,53.0
302.0,113.77.18.16(广东-东莞),25~30,广东-东莞市-樟木头镇,没遇到过,比较难受,安卓手机,三星,S10,9.0,电信,wifi,王者,经常看,5.0,5.0,5.0,5.0,3.0,1.0,5.0,3.0,3.0,3.0,1.0,2.0,2.0,5.0,2.0,可以接受,一般,约每周一次,50.0
303.0,223.104.17.243(黑龙江-哈尔滨),30以上,黑龙江-大庆市-红岗区,遇到过,比较难受,安卓手机,华为,荣耀play,9.0,移动,4G,大师~传奇,经常看,4.0,4.0,5.0,4.0,4.0,3.0,5.0,5.0,3.0,3.0,4.0,3.0,2.0,1.0,2.0,我不在意,一般,不参与,52.0
304.0,222.68.68.236(上海-上海),30以上,上海-上海市-浦东新区,遇到过,感觉没法玩了,安卓手机,荣耀,NOTE10,9.0,电信,wifi,王者,偶尔看一下,1.0,1.0,1.0,2.0,3.0,2.0,2.0,2.0,2.0,2.0,3.0,3.0,3.0,3.0,1.0,我不在意,能,约每周一次,31.0
305.0,117.136.18.75(西藏-拉萨),25~30,西藏-拉萨市-城关区,遇到过,感觉没法玩了,安卓手机,oppo,r17,不知道,移动,4G,王者,经常看,2.0,2.0,2.0,4.0,4.0,4.0,3.0,4.0,2.0,3.0,3.0,3.0,3.0,4.0,4.0,可以接受,一般,约每年一次,47.0
306.0,223.104.246.43(浙江-杭州),30以上,黑龙江-牡丹江市-东安区,遇到过,比较难受,安卓手机,华为,P10,不祥,移动,4G,黄金~钻石,经常看,3.0,3.0,3.0,3.0,3.0,3.0,3.0,3.0,3.0,3.0,3.0,3.0,3.0,3.0,3.0,我不在意,能,不参与,45.0
307.0,121.235.57.30(江苏-无锡),30以上,江苏-无锡市-滨湖区,遇到过,没遇到过网络波动,模拟器,电脑,组装机,win10,电信,其他,王者,经常看,4.0,3.0,3.0,4.0,4.0,4.0,4.0,4.0,4.0,4.0,4.0,4.0,4.0,4.0,4.0,可以接受,一般,约每月一次,58.0
308.0,114.254.42.152(北京-北京),30以上,北京-北京市-海淀区,遇到过,比较难受,安卓手机,华为,mate20,9.0,联通,4G,王者,经常看,4.0,4.0,3.0,4.0,3.0,3.0,3.0,4.0,4.0,4.0,3.0,3.0,3.0,3.0,4.0,可以接受,能,约每周一次,52.0
309.0,221.12.111.42(浙江-台州),25~30,浙江-台州市-椒江区,没遇到过,还能接受,安卓手机,华为,note10,安卓8,移动,4G,黄金~钻石,经常看,4.0,4.0,3.0,3.0,2.0,4.0,4.0,4.0,3.0,3.0,4.0,4.0,3.0,4.0,2.0,可以接受,能,约每周一次,51.0
310.0,221.192.178.3(河北-沧州),30以上,河北-邢台市-桥西区,遇到过,比较难受,安卓手机,华为,荣耀,8.0,其他〖联通百兆光纤和4G〗,4G,黄金~钻石,偶尔看一下,3.0,4.0,2.0,4.0,4.0,1.0,3.0,3.0,3.0,2.0,2.0,4.0,3.0,4.0,2.0,我不在意,能,约每月一次,44.0
311.0,222.89.112.121(河南-开封),19~24,河南-开封市-龙亭区,遇到过,感觉没法玩了,安卓手机,小米,小米8探索版,miui10.2,移动,4G,大师~传奇,经常看,4.0,4.0,4.0,3.0,4.0,4.0,5.0,4.0,3.0,3.0,3.0,3.0,4.0,5.0,2.0,我不在意,能,约每周一次,55.0
312.0,101.84.162.122(上海-上海),25~30,上海-上海市-浦东新区,没遇到过,无明显感觉,安卓手机,锤子,坚果R1,8.1,电信,4G,黄金~钻石,偶尔看一下,3.0,4.0,3.0,5.0,2.0,1.0,5.0,3.0,3.0,3.0,1.0,3.0,3.0,5.0,2.0,可以接受,能,约每月一次,46.0
313.0,36.250.94.210(福建-泉州),30以上,福建-泉州市-晋江市,遇到过,感觉没法玩了,模拟器,小米,note4x,miui9,联通,wifi,黄金~钻石,偶尔看一下,2.0,2.0,3.0,5.0,2.0,1.0,3.0,3.0,2.0,2.0,1.0,3.0,3.0,3.0,3.0,我不在意,一般,不参与,38.0
314.0,125.94.208.214(广东-广州),30以上,广东-广州市-白云区,没遇到过,感觉没法玩了,模拟器,电脑,模拟器,蓝叠模拟器,电信,wifi,黄金~钻石,经常看,4.0,4.0,3.0,3.0,4.0,3.0,4.0,2.0,3.0,3.0,2.0,4.0,4.0,2.0,3.0,不能接受,一般,约每周一次,48.0
315.0,117.136.104.242(河南-郑州),19~24,河南-郑州市-金水区,遇到过,比较难受,安卓手机,荣耀,COR－AL10,安卓9.0,移动,4G,黄金~钻石,经常看,4.0,4.0,4.0,5.0,3.0,3.0,3.0,3.0,3.0,4.0,4.0,4.0,4.0,4.0,2.0,我不在意,一般,每周两次以上,54.0
316.0,223.104.146.149(江苏-扬州),30以上,江苏-扬州市-宝应县,遇到过,比较难受,安卓手机,小米,mix2,miui109.3.28,移动,4G,黄金~钻石,经常看,3.0,3.0,2.0,3.0,4.0,4.0,4.0,4.0,3.0,3.0,4.0,4.0,3.0,3.0,5.0,不能接受,不能,每周两次以上,52.0
317.0,113.134.206.48(陕西-榆林),30以上,陕西-西安市-碑林区,没遇到过,无明显感觉,安卓手机,小米,6.0,内测版,电信,wifi,黄金~钻石,偶尔看一下,3.0,3.0,3.0,3.0,3.0,3.0,3.0,3.0,3.0,3.0,3.0,3.0,3.0,3.0,3.0,我不在意,一般,约每月一次,45.0
318.0,115.35.19.59(北京-北京),30以上,北京-北京市-丰台区,没遇到过,比较难受,安卓手机,华为,mate20,9.0.0.199,其他〖wifi〗,wifi,黄金~钻石,经常看,4.0,4.0,4.0,2.0,4.0,1.0,4.0,4.0,3.0,3.0,3.0,3.0,3.0,3.0,5.0,我不在意,一般,约每月一次,50.0
319.0,117.136.30.97(重庆-重庆),19~24,重庆-重庆市-渝中区,遇到过,比较难受,安卓手机,小米,8.0,小米,移动,4G,王者,经常看,3.0,4.0,4.0,5.0,5.0,5.0,5.0,5.0,5.0,5.0,5.0,5.0,5.0,5.0,5.0,可以接受,能,约每周一次,71.0
320.0,114.230.179.198(江苏-扬州),30以上,江苏-扬州市-江都区,遇到过,比较难受,模拟器,台式机,7400  950,win7,电信,其他,大师~传奇,偶尔看一下,4.0,4.0,2.0,3.0,4.0,3.0,2.0,2.0,3.0,3.0,2.0,2.0,2.0,4.0,3.0,可以接受,不能,不参与,43.0
321.0,182.240.80.217(云南-曲靖),19~24,云南-怒江傈僳族自治州-兰坪白族普米族自治县,遇到过,比较难受,安卓手机,小米,黑鲨2,安卓,电信,wifi,大师~传奇,偶尔看一下,3.0,3.0,3.0,2.0,4.0,5.0,4.0,3.0,4.0,3.0,3.0,4.0,4.0,3.0,3.0,我不在意,一般,每周两次以上,51.0
322.0,118.122.106.67(四川-成都),12岁以下,天津-天津市-南开区,没遇到过,无明显感觉,模拟器,huawei,p20,6.0,移动,4G,大师~传奇,偶尔看一下,5.0,5.0,5.0,5.0,5.0,1.0,1.0,5.0,5.0,5.0,1.0,5.0,1.0,5.0,1.0,不能接受,不能,约每月一次,55.0
323.0,180.155.193.181(上海-上海),30以上,上海-上海市-黄浦区,遇到过,还能接受,模拟器,小米笔记本,Mi Pro,WIN10 64位,电信,wifi,大师~传奇,经常看,4.0,4.0,4.0,5.0,4.0,3.0,4.0,4.0,4.0,4.0,3.0,4.0,3.0,3.0,3.0,我不在意,能,约每月一次,56.0
324.0,27.197.117.28(山东-临沂),25~30,山东-临沂市-兰山区,没遇到过,感觉没法玩了,安卓手机,小米,小米8,MIUI10.2,电信,wifi,黄金~钻石,经常看,4.0,4.0,5.0,5.0,5.0,5.0,5.0,5.0,4.0,4.0,5.0,4.0,4.0,4.0,3.0,可以接受,能,约每周一次,66.0
325.0,218.1.27.114(上海-上海),30以上,上海-上海市-嘉定区,遇到过,无明显感觉,安卓手机,华为,meta10,9.0,电信,wifi,王者,经常看,3.0,3.0,3.0,4.0,4.0,3.0,3.0,3.0,3.0,3.0,3.0,3.0,3.0,3.0,2.0,我不在意,一般,约每月一次,46.0
326.0,117.136.45.163(江苏-扬州),25~30,江苏-扬州市-邗江区,遇到过,感觉没法玩了,安卓手机,小米,4.0,9.1,移动,4G,黄金~钻石,偶尔看一下,3.0,3.0,1.0,1.0,3.0,1.0,2.0,2.0,1.0,1.0,2.0,2.0,2.0,2.0,2.0,我不在意,一般,每周两次以上,28.0
327.0,117.136.119.171(北京-北京),25~30,上海-上海市-奉贤区,遇到过,感觉没法玩了,安卓手机,三星,S8＋,安卓8.0,电信,4G,王者,经常看,3.0,3.0,3.0,4.0,4.0,4.0,4.0,4.0,3.0,4.0,3.0,4.0,4.0,2.0,3.0,我不在意,一般,每周两次以上,52.0
328.0,218.12.33.138(河北-石家庄),30以上,河北-石家庄市-长安区,遇到过,感觉没法玩了,安卓手机,vivo,x23,8.0,联通,4G,青铜~白银,偶尔看一下,3.0,3.0,3.0,3.0,4.0,3.0,4.0,3.0,3.0,3.0,3.0,3.0,3.0,4.0,1.0,我不在意,一般,约每年一次,46.0
329.0,171.8.135.164(河南-郑州),25~30,河南-郑州市-金水区,没遇到过,还能接受,安卓手机,三星,s9+,9.0,移动,4G,黄金~钻石,偶尔看一下,2.0,2.0,3.0,3.0,3.0,4.0,5.0,4.0,2.0,3.0,4.0,4.0,3.0,4.0,3.0,我不在意,不能,每周两次以上,49.0
330.0,111.162.226.26(天津-天津),25~30,天津-天津市-红桥区,没遇到过,还能接受,安卓手机,华为,mate9,emui9,移动,wifi,黄金~钻石,经常看,3.0,3.0,3.0,3.0,3.0,3.0,3.0,3.0,3.0,3.0,3.0,3.0,3.0,3.0,3.0,可以接受,一般,约每年一次,45.0
331.0,223.104.176.61(辽宁-大连),30以上,辽宁-鞍山市-铁西区,遇到过,感觉没法玩了,安卓手机,小米,小米6,不知道,移动,wifi,王者,偶尔看一下,3.0,4.0,3.0,5.0,3.0,3.0,4.0,4.0,4.0,3.0,5.0,3.0,3.0,3.0,1.0,可以接受,能,每周两次以上,51.0
332.0,124.160.213.66(浙江-杭州),19~24,浙江-杭州市-萧山区,遇到过,比较难受,安卓手机,小米,小米8,10.2,联通,4G,王者,偶尔看一下,4.0,4.0,4.0,4.0,4.0,4.0,4.0,4.0,4.0,4.0,4.0,4.0,4.0,4.0,4.0,不能接受,一般,约每周一次,60.0
333.0,106.121.155.236(北京-北京),30以上,北京-北京市-西城区,没遇到过,没遇到过网络波动,安卓手机,小米,mix3,不知,电信,4G,大师~传奇,经常看,4.0,4.0,4.0,5.0,5.0,1.0,3.0,5.0,3.0,3.0,3.0,4.0,3.0,4.0,1.0,可以接受,能,约每年一次,52.0
334.0,49.94.95.9(江苏-南京),30以上,江苏-徐州市-泉山区,遇到过,感觉没法玩了,安卓手机,华为,mate10,6.0,电信,4G,大师~传奇,经常看,3.0,3.0,3.0,4.0,2.0,1.0,3.0,3.0,3.0,3.0,2.0,3.0,3.0,5.0,5.0,我不在意,能,每周两次以上,46.0
335.0,125.47.66.63(河南-郑州),30以上,河南-郑州市-中原区,遇到过,比较难受,模拟器,oppo,R9SP,11-A.14,联通,wifi,黄金~钻石,经常看,3.0,3.0,3.0,4.0,4.0,4.0,3.0,2.0,3.0,4.0,2.0,4.0,4.0,5.0,4.0,我不在意,能,不参与,52.0
336.0,180.143.244.169(广西-桂林),30以上,广西-桂林市-灵川县,没遇到过,比较难受,安卓手机,三星,note9,安卓8.1,电信,wifi,黄金~钻石,偶尔看一下,3.0,3.0,3.0,3.0,4.0,4.0,4.0,4.0,3.0,4.0,4.0,4.0,4.0,2.0,3.0,不能接受,能,约每周一次,52.0
337.0,100.120.34.21(国外-保留),30以上,福建-厦门市-海沧区,遇到过,比较难受,安卓手机,vivo,iqoo,os,移动,4G,大师~传奇,经常看,3.0,2.0,2.0,2.0,3.0,1.0,3.0,1.0,2.0,1.0,2.0,3.0,3.0,3.0,3.0,我不在意,一般,约每月一次,34.0
338.0,112.17.236.178(浙江-杭州),30以上,浙江-绍兴市-柯桥区,没遇到过,感觉没法玩了,安卓手机,小米,mix2s,miui9,移动,4G,黄金~钻石,经常看,5.0,5.0,5.0,5.0,1.0,1.0,4.0,4.0,4.0,4.0,2.0,4.0,5.0,4.0,4.0,我不在意,能,约每月一次,57.0
339.0,27.158.65.128(福建-三明),25~30,福建-三明市-尤溪县,遇到过,感觉没法玩了,安卓手机,小米,米8,安卓9,电信,wifi,青铜~白银,偶尔看一下,3.0,3.0,2.0,1.0,2.0,2.0,3.0,3.0,2.0,2.0,2.0,3.0,2.0,4.0,4.0,我不在意,一般,约每年一次,38.0
340.0,183.69.212.13(重庆-重庆),30以上,重庆-重庆市-渝中区,遇到过,感觉没法玩了,安卓手机,华为,mate20,9.0,电信,wifi,大师~传奇,偶尔看一下,3.0,3.0,2.0,3.0,4.0,4.0,4.0,3.0,4.0,3.0,3.0,4.0,4.0,4.0,2.0,我不在意,能,不参与,50.0
341.0,111.40.52.193(黑龙江-哈尔滨),30以上,黑龙江-哈尔滨市-南岗区,遇到过,感觉没法玩了,安卓手机,华为,麦芒七,6.0,联通,wifi,黄金~钻石,偶尔看一下,1.0,1.0,1.0,1.0,1.0,1.0,1.0,1.0,1.0,1.0,1.0,1.0,1.0,1.0,1.0,我不在意,不能,约每周一次,15.0
342.0,223.104.22.90(广西-南宁),30以上,广西-梧州市-万秀区,遇到过,比较难受,安卓手机,华为,P9,8.0,移动,4G,黄金~钻石,偶尔看一下,3.0,4.0,4.0,3.0,4.0,3.0,4.0,4.0,3.0,3.0,1.0,4.0,4.0,3.0,2.0,可以接受,一般,约每周一次,49.0
343.0,140.240.53.106(海南-乐东),25~30,海南-海口市-美兰区,遇到过,比较难受,安卓手机,华为,荣耀8X,未知,移动,4G,大师~传奇,偶尔看一下,4.0,3.0,3.0,4.0,4.0,3.0,3.0,4.0,4.0,4.0,4.0,4.0,2.0,4.0,3.0,我不在意,能,约每周一次,53.0
344.0,123.117.127.188(北京-北京),30以上,北京-北京市-丰台区,遇到过,感觉没法玩了,安卓平板,华为,M3,安卓7,联通,wifi,黄金~钻石,经常看,4.0,4.0,4.0,5.0,5.0,2.0,5.0,5.0,4.0,4.0,3.0,4.0,2.0,4.0,4.0,我不在意,能,约每周一次,59.0
345.0,117.136.79.240(广东-广州),19~24,广东-佛山市-南海区,遇到过,感觉没法玩了,安卓手机,华为,mate10,8.0,移动,4G,王者,经常看,1.0,2.0,4.0,1.0,5.0,5.0,5.0,3.0,2.0,4.0,1.0,4.0,1.0,1.0,1.0,可以接受,不能,每周两次以上,40.0
346.0,223.104.215.53(四川-成都),25~30,湖南-娄底市-娄星区,遇到过,比较难受,安卓手机,华为,mate20,9.0,电信,wifi,黄金~钻石,经常看,3.0,2.0,2.0,3.0,4.0,3.0,4.0,3.0,3.0,3.0,3.0,4.0,4.0,4.0,4.0,可以接受,能,约每月一次,49.0
347.0,61.189.59.126(辽宁-沈阳),25~30,辽宁-沈阳市-于洪区,遇到过,还能接受,安卓手机,vivo,x21,不知道,移动,4G,王者,经常看,3.0,3.0,3.0,3.0,2.0,2.0,2.0,2.0,3.0,3.0,3.0,3.0,3.0,3.0,3.0,我不在意,一般,约每周一次,41.0
348.0,116.232.61.177(上海-上海),30以上,上海-上海市-徐汇区,遇到过,还能接受,安卓手机,oppo,r11s,安卓,电信,4G,黄金~钻石,经常看,4.0,4.0,4.0,4.0,4.0,4.0,4.0,4.0,4.0,4.0,4.0,4.0,4.0,4.0,4.0,可以接受,一般,约每年一次,60.0
349.0,49.90.170.77(江苏-南京),30以上,江苏-南京市-玄武区,遇到过,感觉没法玩了,安卓手机,HUAWEI,mate10,安卓,电信,4G,王者,经常看,3.0,4.0,3.0,3.0,5.0,5.0,5.0,4.0,3.0,3.0,4.0,4.0,4.0,4.0,4.0,可以接受,能,约每月一次,58.0
350.0,49.81.92.215(江苏-徐州),25~30,江苏-徐州市-鼓楼区,遇到过,感觉没法玩了,安卓手机,一加,一加5,安卓,电信,wifi,黄金~钻石,经常看,3.0,3.0,3.0,3.0,3.0,5.0,3.0,2.0,2.0,3.0,3.0,3.0,3.0,3.0,3.0,我不在意,一般,约每周一次,45.0
351.0,223.104.146.201(江苏-南京),30以上,江苏-淮安市-清浦区,遇到过,比较难受,安卓手机,华为,P20,emui9.0,移动,4G,黄金~钻石,经常看,3.0,3.0,3.0,3.0,4.0,4.0,4.0,3.0,3.0,3.0,3.0,3.0,3.0,3.0,3.0,我不在意,一般,每周两次以上,48.0
352.0,180.172.228.79(上海-上海),25~30,上海-上海市-静安区,没遇到过,比较难受,安卓手机,vivo,z3,安卓8.0,移动,wifi,青铜~白银,经常看,4.0,4.0,4.0,4.0,4.0,1.0,3.0,4.0,4.0,4.0,4.0,4.0,4.0,4.0,3.0,可以接受,一般,约每周一次,55.0
353.0,117.136.122.181(北京-北京),30以上,江西-萍乡市-安源区,遇到过,感觉没法玩了,安卓手机,华为,荣耀Ⅴ10,8.0,移动,4G,王者,经常看,3.0,4.0,3.0,4.0,4.0,3.0,3.0,4.0,2.0,2.0,3.0,4.0,2.0,3.0,2.0,可以接受,一般,约每月一次,46.0
354.0,110.152.65.235(新疆-乌鲁木齐),30以上,新疆-乌鲁木齐市-新市区,遇到过,感觉没法玩了,凤凰系统,vivo,iqoo,111.0,电信,wifi,王者,经常看,4.0,4.0,4.0,3.0,5.0,1.0,5.0,2.0,3.0,2.0,3.0,5.0,2.0,5.0,5.0,我不在意,一般,每周两次以上,53.0
355.0,139.214.244.232(吉林-长春),30以上,吉林-长春市-南关区,遇到过,感觉没法玩了,安卓手机,华为,mate20pro,安卓9.0,联通,4G,黄金~钻石,偶尔看一下,1.0,1.0,1.0,5.0,5.0,4.0,5.0,3.0,2.0,2.0,3.0,3.0,3.0,3.0,3.0,我不在意,一般,约每年一次,44.0
356.0,218.75.26.230(浙江-温州),30以上,浙江-温州市-鹿城区,遇到过,感觉没法玩了,安卓手机,华为,mate8,8.0,电信,wifi,黄金~钻石,经常看,4.0,4.0,3.0,4.0,2.0,4.0,5.0,4.0,3.0,3.0,3.0,3.0,2.0,4.0,1.0,可以接受,能,不参与,49.0
357.0,122.238.183.79(浙江-嘉兴),25~30,浙江-嘉兴市-秀洲区,遇到过,感觉没法玩了,安卓手机,小米,8.0,9.6,电信,wifi,黄金~钻石,经常看,2.0,2.0,2.0,3.0,5.0,1.0,1.0,1.0,2.0,2.0,3.0,2.0,1.0,3.0,3.0,我不在意,一般,约每周一次,33.0
358.0,112.99.50.22(黑龙江-牡丹江),30以上,黑龙江-牡丹江市-西安区,遇到过,比较难受,安卓手机,OPPO,r7,安卓,移动,4G,黄金~钻石,经常看,4.0,2.0,4.0,2.0,2.0,2.0,4.0,4.0,3.0,3.0,2.0,4.0,4.0,4.0,2.0,我不在意,一般,约每月一次,46.0
359.0,112.99.50.22(黑龙江-牡丹江),30以上,黑龙江-牡丹江市-东安区,遇到过,还能接受,模拟器,oppo,r7,安卓,移动,wifi,青铜~白银,偶尔看一下,4.0,4.0,4.0,2.0,2.0,2.0,4.0,3.0,3.0,3.0,3.0,3.0,3.0,4.0,2.0,我不在意,一般,约每月一次,46.0
360.0,120.82.244.188(广东-佛山),30以上,广东-广州市-白云区,遇到过,比较难受,安卓手机,华为,p20,安卓,联通,wifi,大师~传奇,经常看,4.0,3.0,2.0,4.0,3.0,4.0,4.0,3.0,4.0,3.0,3.0,3.0,2.0,4.0,2.0,可以接受,能,约每周一次,48.0
361.0,222.72.158.206(上海-上海),30以上,上海-上海市-静安区,遇到过,还能接受,模拟器,pc,pc,win10,电信,wifi,大师~传奇,偶尔看一下,2.0,2.0,2.0,4.0,5.0,3.0,5.0,2.0,3.0,2.0,4.0,4.0,4.0,4.0,3.0,我不在意,一般,约每周一次,49.0
362.0,114.244.231.71(北京-北京),30以上,北京-北京市-顺义区,遇到过,还能接受,安卓手机,vivo,iq00,1.16,联通,wifi,黄金~钻石,经常看,4.0,4.0,2.0,2.0,5.0,3.0,5.0,3.0,4.0,3.0,3.0,5.0,4.0,5.0,3.0,可以接受,能,约每周一次,55.0
363.0,106.119.47.21(河北-唐山),25~30,河北-张家口市-宣化区,遇到过,感觉没法玩了,安卓手机,三星,S8+,8.0,电信,4G,黄金~钻石,经常看,5.0,5.0,5.0,4.0,5.0,3.0,5.0,5.0,3.0,3.0,5.0,5.0,5.0,5.0,5.0,我不在意,能,约每月一次,68.0
364.0,123.139.82.240(陕西-西安),30以上,陕西-安康市-石泉县,遇到过,感觉没法玩了,安卓手机,魅族,16.0,8.1,联通,4G,大师~传奇,偶尔看一下,1.0,1.0,1.0,1.0,3.0,1.0,1.0,1.0,1.0,1.0,1.0,1.0,1.0,3.0,4.0,可以接受,一般,约每月一次,22.0
365.0,120.244.47.233(北京-北京),25~30,北京-北京市-朝阳区,遇到过,比较难受,安卓手机,一加,onePlus5T,9.02,联通,wifi,王者,经常看,5.0,5.0,5.0,5.0,5.0,5.0,5.0,5.0,5.0,5.0,5.0,5.0,5.0,5.0,5.0,可以接受,能,每周两次以上,75.0
366.0,43.224.53.9(新疆-昌吉),19~24,新疆-五家渠市,没遇到过,比较难受,安卓手机,小米,小米8,10 .000,联通,4G,黄金~钻石,经常看,3.0,3.0,3.0,3.0,3.0,3.0,3.0,3.0,3.0,3.0,3.0,3.0,3.0,3.0,3.0,我不在意,一般,每周两次以上,45.0
367.0,114.245.35.220(北京-北京),25~30,北京-北京市-朝阳区,没遇到过,没遇到过网络波动,安卓手机,小米,note7pro,miui10.2,其他〖无线网〗,wifi,黄金~钻石,经常看,4.0,3.0,2.0,4.0,3.0,3.0,3.0,3.0,3.0,3.0,2.0,3.0,2.0,4.0,3.0,可以接受,一般,约每月一次,45.0
368.0,61.158.146.227(河南-平顶山),25~30,北京-北京市-顺义区,遇到过,感觉没法玩了,安卓手机,一加,6T,安卓8.0,联通,4G,黄金~钻石,经常看,4.0,4.0,3.0,3.0,4.0,4.0,4.0,3.0,4.0,4.0,4.0,3.0,3.0,4.0,3.0,可以接受,一般,约每周一次,54.0
369.0,211.161.240.212(上海-上海),30以上,上海-上海市-浦东新区,遇到过,比较难受,安卓手机,小米,note2,10.2,其他〖长宽〗,wifi,大师~传奇,经常看,4.0,4.0,4.0,4.0,3.0,3.0,4.0,4.0,4.0,4.0,4.0,4.0,4.0,4.0,4.0,我不在意,能,不参与,58.0
370.0,222.76.114.58(福建-福州),25~30,福建-福州市-仓山区,遇到过,感觉没法玩了,安卓手机,三星,s8,8.0,电信,wifi,王者,偶尔看一下,1.0,1.0,1.0,3.0,2.0,2.0,4.0,3.0,2.0,2.0,3.0,3.0,2.0,3.0,2.0,我不在意,一般,约每月一次,34.0
371.0,59.115.40.76(台湾-台北),19~24,台湾-基隆市-中正区,遇到过,比较难受,模拟器,雷电,xiami mini,3.55,电信,其他,王者,经常看,5.0,5.0,3.0,5.0,5.0,3.0,4.0,4.0,3.0,4.0,5.0,5.0,2.0,5.0,5.0,可以接受,能,每周两次以上,63.0
372.0,49.78.34.11(江苏-南京),25~30,江苏-苏州市-昆山市,遇到过,比较难受,安卓手机,vivo,xplay,5.1.1,电信,4G,黄金~钻石,经常看,4.0,4.0,4.0,4.0,2.0,1.0,5.0,2.0,3.0,2.0,2.0,3.0,3.0,5.0,1.0,我不在意,能,约每周一次,45.0
373.0,49.119.240.50(新疆-和田),30以上,新疆-石河子市,遇到过,比较难受,安卓手机,xixo,x21,8.0,移动,4G,黄金~钻石,经常看,4.0,3.0,4.0,2.0,5.0,2.0,3.0,3.0,4.0,4.0,3.0,4.0,2.0,5.0,4.0,我不在意,能,约每周一次,52.0
374.0,120.242.106.170(安徽-未知),25~30,安徽-芜湖市-鸠江区,遇到过,感觉没法玩了,安卓手机,小米,8.0,不知道,移动,4G,黄金~钻石,经常看,5.0,5.0,5.0,5.0,1.0,1.0,3.0,3.0,1.0,1.0,3.0,3.0,5.0,5.0,3.0,我不在意,能,约每周一次,49.0
375.0,58.18.219.218(内蒙古-通辽),25~30,内蒙古-通辽市-霍林郭勒市,遇到过,感觉没法玩了,安卓手机,华为,mate20,emui9,移动,4G,黄金~钻石,偶尔看一下,4.0,4.0,4.0,5.0,5.0,5.0,5.0,4.0,4.0,4.0,4.0,4.0,4.0,4.0,4.0,我不在意,能,约每月一次,64.0
